timestamp,config_hash,video,width,height,fps,frame_area,conf_threshold,frame_stride,min_area_ratio,min_area_threshold,processed_frames,frames_with_detections,total_detections,processing_time,detections_per_second,frames_per_second
2025-09-02T21:34:51.323206,d85c5006,armadillo_001.mp4,1920,1080,30.0,2073600,0.15,1,0.0025,5184.0,450,450,450,20.556009769439697,21.89140815981748,21.89140815981748
2025-09-02T21:35:14.154870,d85c5006,armadillo_002.mp4,1280,720,30.00002202644789,921600,0.15,1,0.0025,2304.0,454,83,83,22.794650316238403,3.641205232302802,19.91695392127075
2025-09-02T21:35:30.467647,d85c5006,armadillo_003.mp4,1280,720,30.00002202644789,921600,0.15,1,0.0025,2304.0,454,0,0,16.2557635307312,0.0,27.928555871381985
2025-09-02T21:35:53.179020,d85c5006,bird_001.mp4,1280,720,29.86784140969163,921600,0.15,1,0.0025,2304.0,452,86,86,22.67337417602539,3.792995225692327,19.935277232708508
2025-09-02T21:36:08.439300,d85c5006,bird_003.mp4,1920,1080,30.0,2073600,0.15,1,0.0025,5184.0,450,327,327,15.176117658615112,21.547012704818485,29.651852346080485
2025-09-02T21:36:21.644206,d85c5006,bird_019.mp4,1920,1080,30.0,2073600,0.15,1,0.0025,5184.0,450,39,39,13.121397256851196,2.9722444368214345,34.2951281171704
2025-09-02T21:36:35.762569,d85c5006,capybara_001.mp4,1280,720,29.933920704845814,921600,0.15,1,0.0025,2304.0,453,453,453,14.062825202941895,32.21258839975014,32.21258839975014
2025-09-02T21:36:52.297063,d85c5006,catescondido.mp4,1280,720,29.933920704845814,921600,0.15,1,0.0025,2304.0,453,0,0,16.49417996406555,0.0,27.46423289832608
2025-09-02T21:37:10.058427,d85c5006,cow_0777.mp4,1280,720,29.933920704845814,921600,0.15,1,0.0025,2304.0,453,453,578,17.696762800216675,32.66134075057632,25.597902006939574
2025-09-02T21:37:31.928668,d85c5006,hare_0777.mp4,1280,720,30.0,921600,0.15,1,0.0025,2304.0,451,448,452,21.808310747146606,20.726043628076035,20.680189549252855
2025-09-02T21:37:45.353085,d85c5006,humn.mp4,640,480,20.0,307200,0.15,1,0.0025,768.0,300,300,380,13.396848678588867,28.36487961585505,22.393326012517143
2025-09-02T21:38:06.918249,d85c5006,insect_013.mp4,1920,1080,30.0,2073600,0.15,1,0.0025,5184.0,450,0,0,21.44311833381653,0.0,20.985753704037283
2025-09-02T21:38:26.163965,d85c5006,insect_015.mp4,1280,720,29.933774834437084,921600,0.15,1,0.0025,2304.0,452,0,0,19.189054250717163,0.0,23.55509521700931
2025-09-02T21:38:45.229743,d85c5006,insxeox.mp4,1280,720,29.934087863800634,921600,0.15,1,0.0025,2304.0,454,0,0,19.008646726608276,0.0,23.88386751196188
2025-09-02T21:38:59.380860,d85c5006,margay_008.mp4,1440,1080,15.0,1555200,0.15,1,0.0025,3888.0,310,61,61,14.085920095443726,4.330565528320102,22.00779202916773
2025-09-02T21:39:06.525521,d85c5006,margay_012.mp4,1440,1080,15.0,1555200,0.15,1,0.0025,3888.0,160,30,31,7.11159348487854,4.359079307037957,22.498473842776555
2025-09-02T21:39:25.759581,d85c5006,no_animal_004.mp4,1280,720,29.933920704845814,921600,0.15,1,0.0025,2304.0,453,0,0,19.174261569976807,0.0,23.625420898049633
2025-09-02T21:39:44.601286,d85c5006,no_animal_018.mp4,1280,720,29.933920704845814,921600,0.15,1,0.0025,2304.0,453,0,0,18.782560110092163,0.0,24.118117942643828
2025-09-02T21:40:03.271871,d85c5006,skunk_004.mp4,1280,720,29.934087863800634,921600,0.15,1,0.0025,2304.0,454,24,25,18.6107919216156,1.343306620443358,24.39444822725138
2025-09-02T21:40:25.511136,d85c5006,wild_boar_001.mp4,1920,1080,30.0,2073600,0.15,1,0.0025,5184.0,450,432,438,22.118534088134766,19.80239731325414,20.34492874649398
2025-09-02T21:40:45.164586,d85c5006,wild_boar_005.mp4,1280,720,29.934087863800634,921600,0.15,1,0.0025,2304.0,454,63,63,19.594265937805176,3.215226342235552,23.17004379960223
2025-09-02T21:41:07.231727,c5c69221,armadillo_001.mp4,1920,1080,30.0,2073600,0.15,1,0.005,10368.0,450,450,450,21.946328163146973,20.504568994628244,20.504568994628244
2025-09-02T21:41:26.631229,c5c69221,armadillo_002.mp4,1280,720,30.00002202644789,921600,0.15,1,0.005,4608.0,454,82,82,19.340951919555664,4.239708590407574,23.473508537134617
2025-09-02T21:41:45.678832,c5c69221,armadillo_003.mp4,1280,720,30.00002202644789,921600,0.15,1,0.005,4608.0,454,0,0,18.98833727836609,0.0,23.909413096282744
2025-09-02T21:42:04.926825,c5c69221,bird_001.mp4,1280,720,29.86784140969163,921600,0.15,1,0.005,4608.0,452,85,85,19.18679904937744,4.430129266546835,23.557863864460817
2025-09-02T21:42:22.759986,c5c69221,bird_003.mp4,1920,1080,30.0,2073600,0.15,1,0.005,10368.0,450,327,327,17.75083327293396,18.42167040679728,25.35092257816139
2025-09-02T21:42:35.894588,c5c69221,bird_019.mp4,1920,1080,30.0,2073600,0.15,1,0.005,10368.0,450,32,32,13.037916421890259,2.454379899711045,34.51471733968657
2025-09-02T21:42:48.399790,c5c69221,capybara_001.mp4,1280,720,29.933920704845814,921600,0.15,1,0.005,4608.0,453,453,453,12.465126991271973,36.34138667958928,36.34138667958928
2025-09-02T21:43:01.018817,c5c69221,catescondido.mp4,1280,720,29.933920704845814,921600,0.15,1,0.005,4608.0,453,0,0,12.570935487747192,0.0,36.03550431402151
2025-09-02T21:43:14.655864,c5c69221,cow_0777.mp4,1280,720,29.933920704845814,921600,0.15,1,0.005,4608.0,453,453,578,13.591788530349731,42.52567634563745,33.32894703213454
2025-09-02T21:43:26.719445,c5c69221,hare_0777.mp4,1280,720,30.0,921600,0.15,1,0.005,4608.0,451,448,452,12.025404691696167,37.587092625008864,37.503935340440265
2025-09-02T21:43:35.890327,c5c69221,humn.mp4,640,480,20.0,307200,0.15,1,0.005,1536.0,300,300,380,9.150868654251099,41.526112367864485,32.78377292199828
2025-09-02T21:43:50.162790,c5c69221,insect_013.mp4,1920,1080,30.0,2073600,0.15,1,0.005,10368.0,450,0,0,14.155666828155518,0.0,31.789389045590795
2025-09-02T21:44:07.588731,c5c69221,insect_015.mp4,1280,720,29.933774834437084,921600,0.15,1,0.005,4608.0,452,0,0,17.36737084388733,0.0,26.025816115919888
2025-09-02T21:44:28.694807,c5c69221,insxeox.mp4,1280,720,29.934087863800634,921600,0.15,1,0.005,4608.0,454,0,0,21.04039478302002,0.0,21.577541898899455
2025-09-02T21:44:44.666997,c5c69221,margay_008.mp4,1440,1080,15.0,1555200,0.15,1,0.005,7776.0,310,61,61,15.900506734848022,3.836355722318622,19.49623399866841
2025-09-02T21:44:52.525927,c5c69221,margay_012.mp4,1440,1080,15.0,1555200,0.15,1,0.005,7776.0,160,30,31,7.8233067989349365,3.962518765622273,20.45170975805044
2025-09-02T21:45:14.191361,c5c69221,no_animal_004.mp4,1280,720,29.933920704845814,921600,0.15,1,0.005,4608.0,453,0,0,21.602433919906616,0.0,20.969859307499654
2025-09-02T21:45:36.676994,c5c69221,no_animal_018.mp4,1280,720,29.933920704845814,921600,0.15,1,0.005,4608.0,453,0,0,22.42762541770935,0.0,20.198304170101803
2025-09-02T21:45:51.168608,c5c69221,skunk_004.mp4,1280,720,29.934087863800634,921600,0.15,1,0.005,4608.0,454,24,25,14.450499534606934,1.7300439988339837,31.417599018825143
2025-09-02T21:46:05.456864,c5c69221,wild_boar_001.mp4,1920,1080,30.0,2073600,0.15,1,0.005,10368.0,450,432,438,14.113469123840332,31.034184165262015,31.8844357862281
2025-09-02T21:46:17.405635,c5c69221,wild_boar_005.mp4,1280,720,29.934087863800634,921600,0.15,1,0.005,4608.0,454,63,63,11.908992052078247,5.290120249010144,38.12245385794611
2025-09-02T21:46:31.048161,805b8fc5,armadillo_001.mp4,1920,1080,30.0,2073600,0.15,1,0.01,20736.0,450,450,450,13.533332347869873,33.251233948365226,33.251233948365226
2025-09-02T21:46:42.508381,805b8fc5,armadillo_002.mp4,1280,720,30.00002202644789,921600,0.15,1,0.01,9216.0,454,73,73,11.418630838394165,6.393060694680116,39.75958295047634
2025-09-02T21:46:53.937833,805b8fc5,armadillo_003.mp4,1280,720,30.00002202644789,921600,0.15,1,0.01,9216.0,454,0,0,11.3899507522583,0.0,39.859698244084576
2025-09-02T21:47:05.362941,805b8fc5,bird_001.mp4,1280,720,29.86784140969163,921600,0.15,1,0.01,9216.0,452,81,81,11.386852025985718,7.113467340679535,39.694904172680864
2025-09-02T21:47:18.857368,805b8fc5,bird_003.mp4,1920,1080,30.0,2073600,0.15,1,0.01,20736.0,450,272,272,13.390602827072144,20.312752421428723,33.60565657956958
2025-09-02T21:47:31.980346,805b8fc5,bird_019.mp4,1920,1080,30.0,2073600,0.15,1,0.01,20736.0,450,31,31,13.020609855651855,2.3808408625763278,34.560593166430564
2025-09-02T21:47:43.925581,805b8fc5,capybara_001.mp4,1280,720,29.933920704845814,921600,0.15,1,0.01,9216.0,453,453,453,11.906201124191284,38.047400281151354,38.047400281151354
2025-09-02T21:47:55.295473,805b8fc5,catescondido.mp4,1280,720,29.933920704845814,921600,0.15,1,0.01,9216.0,453,0,0,11.328926086425781,0.0,39.98613783373347
2025-09-02T21:48:07.179983,805b8fc5,cow_0777.mp4,1280,720,29.933920704845814,921600,0.15,1,0.01,9216.0,453,453,578,11.84596562385559,48.792983058807344,38.24086734539745
2025-09-02T21:48:19.118430,805b8fc5,hare_0777.mp4,1280,720,30.0,921600,0.15,1,0.01,9216.0,451,448,448,11.900410175323486,37.64576123005963,37.89785338115378
2025-09-02T21:48:27.952230,805b8fc5,humn.mp4,640,480,20.0,307200,0.15,1,0.01,3072.0,300,300,380,8.811258316040039,43.12664393327874,34.04735047364111
2025-09-02T21:48:44.249884,805b8fc5,insect_013.mp4,1920,1080,30.0,2073600,0.15,1,0.01,20736.0,450,0,0,16.189019680023193,0.0,27.796618256958922
2025-09-02T21:48:57.288415,805b8fc5,insect_015.mp4,1280,720,29.933774834437084,921600,0.15,1,0.01,9216.0,452,0,0,12.998156309127808,0.0,34.77416252354099
2025-09-02T21:49:10.505477,805b8fc5,insxeox.mp4,1280,720,29.934087863800634,921600,0.15,1,0.01,9216.0,454,0,0,13.177261590957642,0.0,34.45328886174188
2025-09-02T21:49:21.955273,805b8fc5,margay_008.mp4,1440,1080,15.0,1555200,0.15,1,0.01,15552.0,310,61,61,11.406642436981201,5.347761213434145,27.177147150239097
2025-09-02T21:49:27.810869,805b8fc5,margay_012.mp4,1440,1080,15.0,1555200,0.15,1,0.01,15552.0,160,30,30,5.830427646636963,5.1454201678163765,27.44224089502067
2025-09-02T21:49:40.904371,805b8fc5,no_animal_004.mp4,1280,720,29.933920704845814,921600,0.15,1,0.01,9216.0,453,0,0,13.054399728775024,0.0,34.70094446407057
2025-09-02T21:49:53.921466,805b8fc5,no_animal_018.mp4,1280,720,29.933920704845814,921600,0.15,1,0.01,9216.0,453,0,0,12.975478649139404,0.0,34.9120068900152
2025-09-02T21:50:06.813880,805b8fc5,skunk_004.mp4,1280,720,29.934087863800634,921600,0.15,1,0.01,9216.0,454,23,24,12.850868225097656,1.8675780950837366,35.32835229866735
2025-09-02T21:50:22.216039,805b8fc5,wild_boar_001.mp4,1920,1080,30.0,2073600,0.15,1,0.01,20736.0,450,432,438,15.288364887237549,28.649237719701112,29.434148342158675
2025-09-02T21:50:35.298890,805b8fc5,wild_boar_005.mp4,1280,720,29.934087863800634,921600,0.15,1,0.01,9216.0,454,63,63,13.043302059173584,4.830065248369449,34.80713686920206
2025-09-02T21:50:44.155827,4cfe568f,armadillo_001.mp4,1920,1080,30.0,2073600,0.15,2,0.0025,5184.0,225,225,225,8.813592910766602,25.528748863036565,25.528748863036565
2025-09-02T21:50:51.214539,4cfe568f,armadillo_002.mp4,1280,720,30.00002202644789,921600,0.15,2,0.0025,2304.0,227,41,41,7.03664755821228,5.826638276369265,32.25968021306886
2025-09-02T21:50:58.311794,4cfe568f,armadillo_003.mp4,1280,720,30.00002202644789,921600,0.15,2,0.0025,2304.0,227,0,0,7.076692819595337,0.0,32.0771306296407
2025-09-02T21:51:05.508636,4cfe568f,bird_001.mp4,1280,720,29.86784140969163,921600,0.15,2,0.0025,2304.0,226,45,45,7.175730228424072,6.271138764630351,31.49505246236576
2025-09-02T21:51:14.455932,4cfe568f,bird_003.mp4,1920,1080,30.0,2073600,0.15,2,0.0025,5184.0,225,163,163,8.906702280044556,18.3008250275976,25.261875038094846
2025-09-02T21:51:23.094532,4cfe568f,bird_019.mp4,1920,1080,30.0,2073600,0.15,2,0.0025,5184.0,225,21,21,8.59555697441101,2.443122657730853,26.17631418997343
2025-09-02T21:51:30.559973,4cfe568f,capybara_001.mp4,1280,720,29.933920704845814,921600,0.15,2,0.0025,2304.0,227,227,227,7.445402383804321,30.48861408669917,30.48861408669917
2025-09-02T21:51:37.626161,4cfe568f,catescondido.mp4,1280,720,29.933920704845814,921600,0.15,2,0.0025,2304.0,227,0,0,7.045158386230469,0.0,32.22070925242278
2025-09-02T21:51:45.036833,4cfe568f,cow_0777.mp4,1280,720,29.933920704845814,921600,0.15,2,0.0025,2304.0,227,227,292,7.390076160430908,39.512447999314496,30.7168688213849
2025-09-02T21:51:52.378213,4cfe568f,hare_0777.mp4,1280,720,30.0,921600,0.15,2,0.0025,2304.0,226,224,226,7.32109260559082,30.869709232664672,30.869709232664672
2025-09-02T21:51:57.414348,4cfe568f,humn.mp4,640,480,20.0,307200,0.15,2,0.0025,768.0,150,150,190,5.027616262435913,37.791269277966684,29.835212587868433
2025-09-02T21:52:06.422639,4cfe568f,insect_013.mp4,1920,1080,30.0,2073600,0.15,2,0.0025,5184.0,225,0,0,8.958232402801514,0.0,25.11656204963332
2025-09-02T21:52:13.505855,4cfe568f,insect_015.mp4,1280,720,29.933774834437084,921600,0.15,2,0.0025,2304.0,226,0,0,7.0625669956207275,0.0,31.99969644750066
2025-09-02T21:52:20.605698,4cfe568f,insxeox.mp4,1280,720,29.934087863800634,921600,0.15,2,0.0025,2304.0,227,0,0,7.078824043273926,0.0,32.06747315829784
2025-09-02T21:52:27.085120,4cfe568f,margay_008.mp4,1440,1080,15.0,1555200,0.15,2,0.0025,3888.0,155,30,30,6.455394983291626,4.647275662860045,24.010924258110233
2025-09-02T21:52:30.447883,4cfe568f,margay_012.mp4,1440,1080,15.0,1555200,0.15,2,0.0025,3888.0,80,15,15,3.350254774093628,4.4772714349935,23.878780986631998
2025-09-02T21:52:37.561742,4cfe568f,no_animal_004.mp4,1280,720,29.933920704845814,921600,0.15,2,0.0025,2304.0,227,0,0,7.093289613723755,0.0,32.002076943370724
2025-09-02T21:52:44.683335,4cfe568f,no_animal_018.mp4,1280,720,29.933920704845814,921600,0.15,2,0.0025,2304.0,227,0,0,7.101995229721069,0.0,31.96284884141149
2025-09-02T21:52:51.846910,4cfe568f,skunk_004.mp4,1280,720,29.934087863800634,921600,0.15,2,0.0025,2304.0,227,12,12,7.141558885574341,1.6803054056222253,31.78577725635376
2025-09-02T21:53:00.762031,4cfe568f,wild_boar_001.mp4,1920,1080,30.0,2073600,0.15,2,0.0025,5184.0,225,217,219,8.872067928314209,24.68421136644886,25.360491129913214
2025-09-02T21:53:07.895786,4cfe568f,wild_boar_005.mp4,1280,720,29.934087863800634,921600,0.15,2,0.0025,2304.0,227,33,33,7.112614393234253,4.639644183633891,31.915128172269494
2025-09-02T21:53:16.901454,a32239cc,armadillo_001.mp4,1920,1080,30.0,2073600,0.15,2,0.005,10368.0,225,225,225,8.962353706359863,25.10501229608195,25.10501229608195
2025-09-02T21:53:24.004668,a32239cc,armadillo_002.mp4,1280,720,30.00002202644789,921600,0.15,2,0.005,4608.0,227,41,41,7.082185506820679,5.789173407066775,32.05225276595507
2025-09-02T21:53:31.399131,a32239cc,armadillo_003.mp4,1280,720,30.00002202644789,921600,0.15,2,0.005,4608.0,227,0,0,7.3734235763549805,0.0,30.786241648715432
2025-09-02T21:53:38.719949,a32239cc,bird_001.mp4,1280,720,29.86784140969163,921600,0.15,2,0.005,4608.0,226,44,44,7.300789833068848,6.02674518867842,30.955554832757336
2025-09-02T21:53:47.756322,a32239cc,bird_003.mp4,1920,1080,30.0,2073600,0.15,2,0.005,10368.0,225,163,163,8.993911743164062,18.123371081986683,25.016923272681
2025-09-02T21:53:56.560638,a32239cc,bird_019.mp4,1920,1080,30.0,2073600,0.15,2,0.005,10368.0,225,16,16,8.75829529762268,1.826839522565879,25.689930786082673
2025-09-02T21:54:04.025227,a32239cc,capybara_001.mp4,1280,720,29.933920704845814,921600,0.15,2,0.005,4608.0,227,227,227,7.442449331283569,30.5007115125163,30.5007115125163
2025-09-02T21:54:11.202156,a32239cc,catescondido.mp4,1280,720,29.933920704845814,921600,0.15,2,0.005,4608.0,227,0,0,7.156863451004028,0.0,31.71780509074187
2025-09-02T21:54:18.657367,a32239cc,cow_0777.mp4,1280,720,29.933920704845814,921600,0.15,2,0.005,4608.0,227,227,292,7.435181140899658,39.27274863469808,30.53052719204269
2025-09-02T21:54:26.038737,a32239cc,hare_0777.mp4,1280,720,30.0,921600,0.15,2,0.005,4608.0,226,224,226,7.3607871532440186,30.703238022634324,30.703238022634324
2025-09-02T21:54:31.032127,a32239cc,humn.mp4,640,480,20.0,307200,0.15,2,0.005,1536.0,150,150,190,4.984879970550537,38.11526077307256,30.09099534716255
2025-09-02T21:54:39.681221,a32239cc,insect_013.mp4,1920,1080,30.0,2073600,0.15,2,0.005,10368.0,225,0,0,8.605504751205444,0.0,26.14605493866962
2025-09-02T21:54:46.894427,a32239cc,insect_015.mp4,1280,720,29.933774834437084,921600,0.15,2,0.005,4608.0,226,0,0,7.192530870437622,0.0,31.421484880780117
2025-09-02T21:54:54.020219,a32239cc,insxeox.mp4,1280,720,29.934087863800634,921600,0.15,2,0.005,4608.0,227,0,0,7.100718021392822,0.0,31.968598008835368
2025-09-02T21:55:00.393817,a32239cc,margay_008.mp4,1440,1080,15.0,1555200,0.15,2,0.005,7776.0,155,30,30,6.3525567054748535,4.722508021714306,24.39962477885725
2025-09-02T21:55:03.664306,a32239cc,margay_012.mp4,1440,1080,15.0,1555200,0.15,2,0.005,7776.0,80,15,15,3.2592780590057373,4.60224618103797,24.545312965535835
2025-09-02T21:55:10.709110,a32239cc,no_animal_004.mp4,1280,720,29.933920704845814,921600,0.15,2,0.005,4608.0,227,0,0,7.023252725601196,0.0,32.32120626565786
2025-09-02T21:55:17.759112,a32239cc,no_animal_018.mp4,1280,720,29.933920704845814,921600,0.15,2,0.005,4608.0,227,0,0,7.028980255126953,0.0,32.29486949183357
2025-09-02T21:55:24.842964,a32239cc,skunk_004.mp4,1280,720,29.934087863800634,921600,0.15,2,0.005,4608.0,227,12,12,7.06483006477356,1.6985546559476405,32.130992241676196
2025-09-02T21:55:33.848343,a32239cc,wild_boar_001.mp4,1920,1080,30.0,2073600,0.15,2,0.005,10368.0,225,217,219,8.96328091621399,24.43301755764938,25.10241529895484
2025-09-02T21:55:40.959425,a32239cc,wild_boar_005.mp4,1280,720,29.934087863800634,921600,0.15,2,0.005,4608.0,227,33,33,7.0889058113098145,4.655161301106722,32.02186713185533
2025-09-02T21:55:49.914201,232c1c35,armadillo_001.mp4,1920,1080,30.0,2073600,0.15,2,0.01,20736.0,225,225,225,8.912291049957275,25.246033678520703,25.246033678520703
2025-09-02T21:55:57.058296,232c1c35,armadillo_002.mp4,1280,720,30.00002202644789,921600,0.15,2,0.01,9216.0,227,37,37,7.12255072593689,5.194768198036677,31.87060489065745
2025-09-02T21:56:04.139448,232c1c35,armadillo_003.mp4,1280,720,30.00002202644789,921600,0.15,2,0.01,9216.0,227,0,0,7.059569835662842,0.0,32.15493369769695
2025-09-02T21:56:11.204822,232c1c35,bird_001.mp4,1280,720,29.86784140969163,921600,0.15,2,0.01,9216.0,226,43,43,7.045821189880371,6.102908211999357,32.075750137484995
2025-09-02T21:56:20.295484,232c1c35,bird_003.mp4,1920,1080,30.0,2073600,0.15,2,0.01,20736.0,225,134,134,9.049042224884033,14.80819700802283,24.864509901530873
2025-09-02T21:56:29.102357,232c1c35,bird_019.mp4,1920,1080,30.0,2073600,0.15,2,0.01,20736.0,225,15,15,8.762061357498169,1.7119259256457604,25.678888884686405
2025-09-02T21:56:36.507555,232c1c35,capybara_001.mp4,1280,720,29.933920704845814,921600,0.15,2,0.01,9216.0,227,227,227,7.384109020233154,30.74169129653945,30.74169129653945
2025-09-02T21:56:43.462181,232c1c35,catescondido.mp4,1280,720,29.933920704845814,921600,0.15,2,0.01,9216.0,227,0,0,6.933612585067749,0.0,32.739065994092016
2025-09-02T21:56:50.766185,232c1c35,cow_0777.mp4,1280,720,29.933920704845814,921600,0.15,2,0.01,9216.0,227,227,292,7.281987190246582,40.09894447371478,31.172809573744026
2025-09-02T21:56:58.051180,232c1c35,hare_0777.mp4,1280,720,30.0,921600,0.15,2,0.01,9216.0,226,224,224,7.264440536499023,30.83513436093911,31.110448060590354
2025-09-02T21:57:03.131324,232c1c35,humn.mp4,640,480,20.0,307200,0.15,2,0.01,3072.0,150,150,190,5.070124864578247,37.47442224301214,29.585070191851692
2025-09-02T21:57:11.957555,232c1c35,insect_013.mp4,1920,1080,30.0,2073600,0.15,2,0.01,20736.0,225,0,0,8.783295631408691,0.0,25.616808250813005
2025-09-02T21:57:19.061403,232c1c35,insect_015.mp4,1280,720,29.933774834437084,921600,0.15,2,0.01,9216.0,226,0,0,7.084451913833618,0.0,31.900844659372435
2025-09-02T21:57:26.180376,232c1c35,insxeox.mp4,1280,720,29.934087863800634,921600,0.15,2,0.01,9216.0,227,0,0,7.099025011062622,0.0,31.97622203700637
2025-09-02T21:57:32.777182,232c1c35,margay_008.mp4,1440,1080,15.0,1555200,0.15,2,0.01,15552.0,155,30,30,6.574233055114746,4.563269927989552,23.576894627946018
2025-09-02T21:57:36.146522,232c1c35,margay_012.mp4,1440,1080,15.0,1555200,0.15,2,0.01,15552.0,80,15,15,3.3569483757019043,4.4683439604172195,23.83116778889184
2025-09-02T21:57:43.430696,232c1c35,no_animal_004.mp4,1280,720,29.933920704845814,921600,0.15,2,0.01,9216.0,227,0,0,7.2636072635650635,0.0,31.251689658202384
2025-09-02T21:57:50.586211,232c1c35,no_animal_018.mp4,1280,720,29.933920704845814,921600,0.15,2,0.01,9216.0,227,0,0,7.134488821029663,0.0,31.817276008744088
2025-09-02T21:57:57.815363,232c1c35,skunk_004.mp4,1280,720,29.934087863800634,921600,0.15,2,0.01,9216.0,227,11,11,7.210125684738159,1.5256322123876365,31.483501110181226
2025-09-02T21:58:06.852223,232c1c35,wild_boar_001.mp4,1920,1080,30.0,2073600,0.15,2,0.01,20736.0,225,217,219,8.99501895904541,24.346808049778833,25.013843886759073
2025-09-02T21:58:14.128714,232c1c35,wild_boar_005.mp4,1280,720,29.934087863800634,921600,0.15,2,0.01,9216.0,227,33,33,7.255462408065796,4.548297288855685,31.286772259704257
2025-09-02T21:58:19.492971,8a035d40,armadillo_001.mp4,1920,1080,30.0,2073600,0.15,5,0.0025,5184.0,90,90,90,5.345695734024048,16.835975049453708,16.835975049453708
2025-09-02T21:58:23.166814,8a035d40,armadillo_002.mp4,1280,720,30.00002202644789,921600,0.15,5,0.0025,2304.0,91,16,16,3.665318012237549,4.365241964429863,24.82731367269485
2025-09-02T21:58:26.905395,8a035d40,armadillo_003.mp4,1280,720,30.00002202644789,921600,0.15,5,0.0025,2304.0,91,0,0,3.7300479412078857,0.0,24.396469277156758
2025-09-02T21:58:30.710117,8a035d40,bird_001.mp4,1280,720,29.86784140969163,921600,0.15,5,0.0025,2304.0,91,17,17,3.7967159748077393,4.47755378932733,23.968082048752176
2025-09-02T21:58:36.081610,8a035d40,bird_003.mp4,1920,1080,30.0,2073600,0.15,5,0.0025,5184.0,90,63,63,5.35291314125061,11.769292409120093,16.81327487017156
2025-09-02T21:58:41.415813,8a035d40,bird_019.mp4,1920,1080,30.0,2073600,0.15,5,0.0025,5184.0,90,9,9,5.317184686660767,1.6926250507300076,16.926250507300075
2025-09-02T21:58:45.271578,8a035d40,capybara_001.mp4,1280,720,29.933920704845814,921600,0.15,5,0.0025,2304.0,91,91,91,3.8472349643707275,23.65335126207567,23.65335126207567
2025-09-02T21:58:48.916597,8a035d40,catescondido.mp4,1280,720,29.933920704845814,921600,0.15,5,0.0025,2304.0,91,0,0,3.6364920139312744,0.0,25.02411655281578
2025-09-02T21:58:52.725230,8a035d40,cow_0777.mp4,1280,720,29.933920704845814,921600,0.15,5,0.0025,2304.0,91,91,115,3.8000988960266113,30.262370308373857,23.946745200539315
2025-09-02T21:58:56.480352,8a035d40,hare_0777.mp4,1280,720,30.0,921600,0.15,5,0.0025,2304.0,91,91,91,3.747122287750244,24.285302963687368,24.285302963687368
2025-09-02T21:58:58.662016,8a035d40,humn.mp4,640,480,20.0,307200,0.15,5,0.0025,768.0,60,60,75,2.177611827850342,34.441399996452645,27.553119997162117
2025-09-02T21:59:03.887610,8a035d40,insect_013.mp4,1920,1080,30.0,2073600,0.15,5,0.0025,5184.0,90,0,0,5.208066463470459,0.0,17.280885455526118
2025-09-02T21:59:07.532938,8a035d40,insect_015.mp4,1280,720,29.933774834437084,921600,0.15,5,0.0025,2304.0,91,0,0,3.636798858642578,0.0,25.02200521311355
2025-09-02T21:59:11.151394,8a035d40,insxeox.mp4,1280,720,29.934087863800634,921600,0.15,5,0.0025,2304.0,91,0,0,3.610945463180542,0.0,25.201156020741077
2025-09-02T21:59:14.695777,8a035d40,margay_008.mp4,1440,1080,15.0,1555200,0.15,5,0.0025,3888.0,62,12,12,3.533855676651001,3.3957244149178942,17.544576143742454
2025-09-02T21:59:16.505045,8a035d40,margay_012.mp4,1440,1080,15.0,1555200,0.15,5,0.0025,3888.0,32,6,6,1.8037409782409668,3.3264199640523127,17.740906474945668
2025-09-02T21:59:20.104543,8a035d40,no_animal_004.mp4,1280,720,29.933920704845814,921600,0.15,5,0.0025,2304.0,91,0,0,3.5909664630889893,0.0,25.341367271283506
2025-09-02T21:59:23.699000,8a035d40,no_animal_018.mp4,1280,720,29.933920704845814,921600,0.15,5,0.0025,2304.0,91,0,0,3.5854508876800537,0.0,25.380350435892055
2025-09-02T21:59:27.350996,8a035d40,skunk_004.mp4,1280,720,29.934087863800634,921600,0.15,5,0.0025,2304.0,91,5,5,3.6434884071350098,1.3723112142222125,24.976064098844265
2025-09-02T21:59:32.664117,8a035d40,wild_boar_001.mp4,1920,1080,30.0,2073600,0.15,5,0.0025,5184.0,90,86,87,5.29605770111084,16.42731346785589,16.99377255295437
2025-09-02T21:59:36.285400,8a035d40,wild_boar_005.mp4,1280,720,29.934087863800634,921600,0.15,5,0.0025,2304.0,91,13,13,3.611771583557129,3.5993416801836284,25.195391761285396
2025-09-02T21:59:41.645948,5de2fe0c,armadillo_001.mp4,1920,1080,30.0,2073600,0.15,5,0.005,10368.0,90,90,90,5.342517375946045,16.84599106878205,16.84599106878205
2025-09-02T21:59:45.360244,5de2fe0c,armadillo_002.mp4,1280,720,30.00002202644789,921600,0.15,5,0.005,4608.0,91,16,16,3.7052974700927734,4.3181418304855805,24.55943166088674
2025-09-02T21:59:48.986262,5de2fe0c,armadillo_003.mp4,1280,720,30.00002202644789,921600,0.15,5,0.005,4608.0,91,0,0,3.619000196456909,0.0,25.145066333262776
2025-09-02T21:59:52.673322,5de2fe0c,bird_001.mp4,1280,720,29.86784140969163,921600,0.15,5,0.005,4608.0,91,17,17,3.6780381202697754,4.622029311309338,24.741451019361747
2025-09-02T21:59:57.941812,5de2fe0c,bird_003.mp4,1920,1080,30.0,2073600,0.15,5,0.005,10368.0,90,63,63,5.249943971633911,12.000128066203507,17.14304009457644
2025-09-02T22:00:03.173834,5de2fe0c,bird_019.mp4,1920,1080,30.0,2073600,0.15,5,0.005,10368.0,90,7,7,5.214493274688721,1.3424123172194262,17.25958693567834
2025-09-02T22:00:06.954510,5de2fe0c,capybara_001.mp4,1280,720,29.933920704845814,921600,0.15,5,0.005,4608.0,91,91,91,3.7724807262420654,24.12205829627899,24.12205829627899
2025-09-02T22:00:10.595096,5de2fe0c,catescondido.mp4,1280,720,29.933920704845814,921600,0.15,5,0.005,4608.0,91,0,0,3.6325745582580566,0.0,25.05110316128999
2025-09-02T22:00:14.309017,5de2fe0c,cow_0777.mp4,1280,720,29.933920704845814,921600,0.15,5,0.005,4608.0,91,91,115,3.7069175243377686,31.02308029379328,24.548698319436422
2025-09-02T22:00:18.074240,5de2fe0c,hare_0777.mp4,1280,720,30.0,921600,0.15,5,0.005,4608.0,91,91,91,3.757174491882324,24.220328386827063,24.220328386827063
2025-09-02T22:00:20.229134,5de2fe0c,humn.mp4,640,480,20.0,307200,0.15,5,0.005,1536.0,60,60,75,2.150893449783325,34.86923074109286,27.89538459287429
2025-09-02T22:00:25.413628,5de2fe0c,insect_013.mp4,1920,1080,30.0,2073600,0.15,5,0.005,10368.0,90,0,0,5.166934251785278,0.0,17.41845272540544
2025-09-02T22:00:29.039034,5de2fe0c,insect_015.mp4,1280,720,29.933774834437084,921600,0.15,5,0.005,4608.0,91,0,0,3.615769147872925,0.0,25.167535945576958
2025-09-02T22:00:32.705290,5de2fe0c,insxeox.mp4,1280,720,29.934087863800634,921600,0.15,5,0.005,4608.0,91,0,0,3.658745765686035,0.0,24.8719112580748
2025-09-02T22:00:36.383766,5de2fe0c,margay_008.mp4,1440,1080,15.0,1555200,0.15,5,0.005,7776.0,62,12,12,3.6692044734954834,3.2704636895223635,16.897395729198877
2025-09-02T22:00:38.278850,5de2fe0c,margay_012.mp4,1440,1080,15.0,1555200,0.15,5,0.005,7776.0,32,6,6,1.8890819549560547,3.1761459497608597,16.93944506539125
2025-09-02T22:00:41.910121,5de2fe0c,no_animal_004.mp4,1280,720,29.933920704845814,921600,0.15,5,0.005,4608.0,91,0,0,3.623272180557251,0.0,25.115419285449434
2025-09-02T22:00:45.562799,5de2fe0c,no_animal_018.mp4,1280,720,29.933920704845814,921600,0.15,5,0.005,4608.0,91,0,0,3.6430656909942627,0.0,24.97896214854263
2025-09-02T22:00:49.202388,5de2fe0c,skunk_004.mp4,1280,720,29.934087863800634,921600,0.15,5,0.005,4608.0,91,5,5,3.6320810317993164,1.3766212692460287,25.05450710027772
2025-09-02T22:00:54.507379,5de2fe0c,wild_boar_001.mp4,1920,1080,30.0,2073600,0.15,5,0.005,10368.0,90,86,87,5.286916971206665,16.455715206766993,17.02315366217275
2025-09-02T22:00:58.160379,5de2fe0c,wild_boar_005.mp4,1280,720,29.934087863800634,921600,0.15,5,0.005,4608.0,91,13,13,3.645000457763672,3.566529044546658,24.965703311826605
2025-09-02T22:01:03.479282,367a4da2,armadillo_001.mp4,1920,1080,30.0,2073600,0.15,5,0.01,20736.0,90,90,90,5.301372528076172,16.976735651637053,16.976735651637053
2025-09-02T22:01:07.122364,367a4da2,armadillo_002.mp4,1280,720,30.00002202644789,921600,0.15,5,0.01,9216.0,91,15,15,3.63356351852417,4.1281788314773955,25.044284910962862
2025-09-02T22:01:10.794402,367a4da2,armadillo_003.mp4,1280,720,30.00002202644789,921600,0.15,5,0.01,9216.0,91,0,0,3.6635220050811768,0.0,24.839485029375062
2025-09-02T22:01:14.447840,367a4da2,bird_001.mp4,1280,720,29.86784140969163,921600,0.15,5,0.01,9216.0,91,16,16,3.6439239978790283,4.390870942783909,24.973078487083484
2025-09-02T22:01:19.752281,367a4da2,bird_003.mp4,1920,1080,30.0,2073600,0.15,5,0.01,20736.0,90,53,53,5.287282705307007,10.024052609632976,17.02197612956543
2025-09-02T22:01:24.980534,367a4da2,bird_019.mp4,1920,1080,30.0,2073600,0.15,5,0.01,20736.0,90,7,7,5.211219072341919,1.3432557531791125,17.270431112302873
2025-09-02T22:01:28.725922,367a4da2,capybara_001.mp4,1280,720,29.933920704845814,921600,0.15,5,0.01,9216.0,91,91,91,3.7358479499816895,24.358593074015772,24.358593074015772
2025-09-02T22:01:32.337247,367a4da2,catescondido.mp4,1280,720,29.933920704845814,921600,0.15,5,0.01,9216.0,91,0,0,3.6022531986236572,0.0,25.261966603227425
2025-09-02T22:01:36.090694,367a4da2,cow_0777.mp4,1280,720,29.933920704845814,921600,0.15,5,0.01,9216.0,91,91,115,3.7449164390563965,30.708295330876982,24.299607609650483
2025-09-02T22:01:39.821301,367a4da2,hare_0777.mp4,1280,720,30.0,921600,0.15,5,0.01,9216.0,91,91,91,3.7225797176361084,24.44541336989455,24.44541336989455
2025-09-02T22:01:41.964499,367a4da2,humn.mp4,640,480,20.0,307200,0.15,5,0.01,3072.0,60,60,75,2.140207052230835,35.04333841056364,28.034670728450912
2025-09-02T22:01:47.219491,367a4da2,insect_013.mp4,1920,1080,30.0,2073600,0.15,5,0.01,20736.0,90,0,0,5.238469362258911,0.0,17.18059108036676
2025-09-02T22:01:50.899450,367a4da2,insect_015.mp4,1280,720,29.933774834437084,921600,0.15,5,0.01,9216.0,91,0,0,3.671963930130005,0.0,24.7823785123015
2025-09-02T22:01:54.508452,367a4da2,insxeox.mp4,1280,720,29.934087863800634,921600,0.15,5,0.01,9216.0,91,0,0,3.598956823348999,0.0,25.285104675226474
2025-09-02T22:01:58.061028,367a4da2,margay_008.mp4,1440,1080,15.0,1555200,0.15,5,0.01,15552.0,62,12,12,3.5430705547332764,3.386892757178911,17.498945912091042
2025-09-02T22:01:59.871514,367a4da2,margay_012.mp4,1440,1080,15.0,1555200,0.15,5,0.01,15552.0,32,6,6,1.8054606914520264,3.323251527107218,17.72400814457183
2025-09-02T22:02:03.479609,367a4da2,no_animal_004.mp4,1280,720,29.933920704845814,921600,0.15,5,0.01,9216.0,91,0,0,3.60009503364563,0.0,25.2771105066771
2025-09-02T22:02:07.077564,367a4da2,no_animal_018.mp4,1280,720,29.933920704845814,921600,0.15,5,0.01,9216.0,91,0,0,3.589765787124634,0.0,25.349843247820935
2025-09-02T22:02:10.712239,367a4da2,skunk_004.mp4,1280,720,29.934087863800634,921600,0.15,5,0.01,9216.0,91,5,5,3.6241586208343506,1.3796305634240988,25.109276254318598
2025-09-02T22:02:15.991988,367a4da2,wild_boar_001.mp4,1920,1080,30.0,2073600,0.15,5,0.01,20736.0,90,86,87,5.2637245655059814,16.528220448715107,17.098159084877697
2025-09-02T22:02:19.616470,367a4da2,wild_boar_005.mp4,1280,720,29.934087863800634,921600,0.15,5,0.01,9216.0,91,13,13,3.6149706840515137,3.5961564107153765,25.173094875007635
2025-09-02T22:02:34.889028,279626a9,armadillo_001.mp4,1920,1080,30.0,2073600,0.2,1,0.0025,5184.0,450,450,450,15.15215539932251,29.698745039278084,29.698745039278084
2025-09-02T22:02:47.899102,279626a9,armadillo_002.mp4,1280,720,30.00002202644789,921600,0.2,1,0.0025,2304.0,454,83,83,12.971492290496826,6.39864698226028,34.999828071640565
2025-09-02T22:03:00.788125,279626a9,armadillo_003.mp4,1280,720,30.00002202644789,921600,0.2,1,0.0025,2304.0,454,0,0,12.84872817993164,0.0,35.33423648179437
2025-09-02T22:03:13.822132,279626a9,bird_001.mp4,1280,720,29.86784140969163,921600,0.2,1,0.0025,2304.0,452,86,86,12.994357347488403,6.6182572712318395,34.78432891391618
2025-09-02T22:03:28.958603,279626a9,bird_003.mp4,1920,1080,30.0,2073600,0.2,1,0.0025,5184.0,450,327,327,15.01847791671753,21.77317846810603,29.9630896350083
2025-09-02T22:03:43.581464,279626a9,bird_019.mp4,1920,1080,30.0,2073600,0.2,1,0.0025,5184.0,450,39,39,14.501997709274292,2.6892846614545243,31.03020763216759
2025-09-02T22:03:56.989129,279626a9,capybara_001.mp4,1280,720,29.933920704845814,921600,0.2,1,0.0025,2304.0,453,453,453,13.367802619934082,33.887394426701505,33.887394426701505
2025-09-02T22:04:09.027979,279626a9,catescondido.mp4,1280,720,29.933920704845814,921600,0.2,1,0.0025,2304.0,453,0,0,11.99967908859253,0.0,37.751009560800966
2025-09-02T22:04:21.245173,279626a9,cow_0777.mp4,1280,720,29.933920704845814,921600,0.2,1,0.0025,2304.0,453,453,578,12.177573680877686,47.464299140938664,37.19952856547615
2025-09-02T22:04:37.898246,279626a9,hare_0777.mp4,1280,720,30.0,921600,0.2,1,0.0025,2304.0,451,448,452,16.613987922668457,27.20599064498429,27.1458004001945
2025-09-02T22:04:46.568457,279626a9,humn.mp4,640,480,20.0,307200,0.2,1,0.0025,768.0,300,300,380,8.651602983474731,43.92249629644715,34.67565497087933
2025-09-02T22:04:58.809067,279626a9,insect_013.mp4,1920,1080,30.0,2073600,0.2,1,0.0025,5184.0,450,0,0,12.156457662582397,0.0,37.01736249903629
2025-09-02T22:05:09.390813,279626a9,insect_015.mp4,1280,720,29.933774834437084,921600,0.2,1,0.0025,2304.0,452,0,0,10.542043447494507,0.0,42.87593788160922
2025-09-02T22:05:20.362755,279626a9,insxeox.mp4,1280,720,29.934087863800634,921600,0.2,1,0.0025,2304.0,454,0,0,10.932772636413574,0.0,41.52651985900365
2025-09-02T22:05:29.771230,279626a9,margay_008.mp4,1440,1080,15.0,1555200,0.2,1,0.0025,3888.0,310,61,61,9.365200996398926,6.513474726645536,33.1012650042642
2025-09-02T22:05:34.559124,279626a9,margay_012.mp4,1440,1080,15.0,1555200,0.2,1,0.0025,3888.0,160,30,31,4.7658092975616455,6.50466648253439,33.57247216791943
2025-09-02T22:05:45.073461,279626a9,no_animal_004.mp4,1280,720,29.933920704845814,921600,0.2,1,0.0025,2304.0,453,0,0,10.474058151245117,0.0,43.24971214200764
2025-09-02T22:05:55.938840,279626a9,no_animal_018.mp4,1280,720,29.933920704845814,921600,0.2,1,0.0025,2304.0,453,0,0,10.822281122207642,0.0,41.858088408961265
2025-09-02T22:06:06.896454,279626a9,skunk_004.mp4,1280,720,29.934087863800634,921600,0.2,1,0.0025,2304.0,454,24,25,10.91691279411316,2.2900247049221654,41.586848641386524
2025-09-02T22:06:20.765401,279626a9,wild_boar_001.mp4,1920,1080,30.0,2073600,0.2,1,0.0025,5184.0,450,432,438,13.784205436706543,31.77549855965084,32.64606016402483
2025-09-02T22:06:33.462527,279626a9,wild_boar_005.mp4,1280,720,29.934087863800634,921600,0.2,1,0.0025,2304.0,454,63,63,12.656359434127808,4.977734737061973,35.871294771843424
2025-09-02T22:06:47.986524,69b8382b,armadillo_001.mp4,1920,1080,30.0,2073600,0.2,1,0.005,10368.0,450,450,450,14.421068668365479,31.204344861565946,31.204344861565946
2025-09-02T22:06:59.614610,69b8382b,armadillo_002.mp4,1280,720,30.00002202644789,921600,0.2,1,0.005,4608.0,454,82,82,11.589405059814453,7.075427908230591,39.17371061386205
2025-09-02T22:07:11.223103,69b8382b,armadillo_003.mp4,1280,720,30.00002202644789,921600,0.2,1,0.005,4608.0,454,0,0,11.569437980651855,0.0,39.24131844254204
2025-09-02T22:07:22.894318,69b8382b,bird_001.mp4,1280,720,29.86784140969163,921600,0.2,1,0.005,4608.0,452,85,85,11.630667448043823,7.308265013999369,38.862773956796644
2025-09-02T22:07:36.255450,69b8382b,bird_003.mp4,1920,1080,30.0,2073600,0.2,1,0.005,10368.0,450,327,327,13.273218870162964,24.63607382645271,33.90285388961382
2025-09-02T22:07:49.480604,69b8382b,bird_019.mp4,1920,1080,30.0,2073600,0.2,1,0.005,10368.0,450,32,32,13.145054817199707,2.434375546165806,34.233406117956655
2025-09-02T22:08:01.936874,69b8382b,capybara_001.mp4,1280,720,29.933920704845814,921600,0.2,1,0.005,4608.0,453,453,453,12.415780782699585,36.48582460727882,36.48582460727882
2025-09-02T22:08:15.533428,69b8382b,catescondido.mp4,1280,720,29.933920704845814,921600,0.2,1,0.005,4608.0,453,0,0,13.550042629241943,0.0,33.431629139113866
2025-09-02T22:08:29.825997,69b8382b,cow_0777.mp4,1280,720,29.933920704845814,921600,0.2,1,0.005,4608.0,453,453,578,14.252295732498169,40.55486995558484,31.784353096678082
2025-09-02T22:08:42.024934,69b8382b,hare_0777.mp4,1280,720,30.0,921600,0.2,1,0.005,4608.0,451,448,452,12.160611629486084,37.169183078261156,37.0869503723358
2025-09-02T22:08:50.517833,69b8382b,humn.mp4,640,480,20.0,307200,0.2,1,0.005,1536.0,300,300,380,8.474733114242554,44.83917013992756,35.399344847311234
2025-09-02T22:09:03.407011,69b8382b,insect_013.mp4,1920,1080,30.0,2073600,0.2,1,0.005,10368.0,450,0,0,12.807477235794067,0.0,35.13572514830239
2025-09-02T22:09:14.574406,69b8382b,insect_015.mp4,1280,720,29.933774834437084,921600,0.2,1,0.005,4608.0,452,0,0,11.127976894378662,0.0,40.618344582322905
2025-09-02T22:09:25.553635,69b8382b,insxeox.mp4,1280,720,29.934087863800634,921600,0.2,1,0.005,4608.0,454,0,0,10.940981388092041,0.0,41.49536352325077
2025-09-02T22:09:35.211003,69b8382b,margay_008.mp4,1440,1080,15.0,1555200,0.2,1,0.005,7776.0,310,61,61,9.615253925323486,6.344086227337753,32.240438204503334
2025-09-02T22:09:40.324844,69b8382b,margay_012.mp4,1440,1080,15.0,1555200,0.2,1,0.005,7776.0,160,30,31,5.090665102005005,6.089577565766478,31.430077758794727
2025-09-02T22:09:51.334721,69b8382b,no_animal_004.mp4,1280,720,29.933920704845814,921600,0.2,1,0.005,4608.0,453,0,0,10.97279143333435,0.0,41.28393424337101
2025-09-02T22:10:02.316981,69b8382b,no_animal_018.mp4,1280,720,29.933920704845814,921600,0.2,1,0.005,4608.0,453,0,0,10.943597316741943,0.0,41.39406694972072
2025-09-02T22:10:13.443498,69b8382b,skunk_004.mp4,1280,720,29.934087863800634,921600,0.2,1,0.005,4608.0,454,24,25,11.087409019470215,2.2548099340520733,40.94734840238566
2025-09-02T22:10:26.669572,69b8382b,wild_boar_001.mp4,1920,1080,30.0,2073600,0.2,1,0.005,10368.0,450,432,438,13.147103071212769,33.31532411570241,34.228072721612065
2025-09-02T22:10:37.896867,69b8382b,wild_boar_005.mp4,1280,720,29.934087863800634,921600,0.2,1,0.005,4608.0,454,63,63,11.187553644180298,5.631257914260124,40.58081100117614
2025-09-02T22:10:51.096981,0c967960,armadillo_001.mp4,1920,1080,30.0,2073600,0.2,1,0.01,20736.0,450,450,450,13.11953592300415,34.29999373765636,34.29999373765636
2025-09-02T22:11:02.399246,0c967960,armadillo_002.mp4,1280,720,30.00002202644789,921600,0.2,1,0.01,9216.0,454,73,73,11.26293396949768,6.481437270048716,40.309212610987906
2025-09-02T22:11:13.563144,0c967960,armadillo_003.mp4,1280,720,30.00002202644789,921600,0.2,1,0.01,9216.0,454,0,0,11.125606060028076,0.0,40.80676572138618
2025-09-02T22:11:24.735424,0c967960,bird_001.mp4,1280,720,29.86784140969163,921600,0.2,1,0.01,9216.0,452,81,81,11.134595155715942,7.274624615194803,40.59420155639569
2025-09-02T22:11:37.662396,0c967960,bird_003.mp4,1920,1080,30.0,2073600,0.2,1,0.01,20736.0,450,272,272,12.843911409378052,21.17734943277464,35.03605604686981
2025-09-02T22:11:50.348249,0c967960,bird_019.mp4,1920,1080,30.0,2073600,0.2,1,0.01,20736.0,450,31,31,12.60669994354248,2.4590099025779626,35.69530503742204
2025-09-02T22:12:01.864998,0c967960,capybara_001.mp4,1280,720,29.933920704845814,921600,0.2,1,0.01,9216.0,453,453,453,11.478214740753174,39.46606769706377,39.46606769706377
2025-09-02T22:12:13.034059,0c967960,catescondido.mp4,1280,720,29.933920704845814,921600,0.2,1,0.01,9216.0,453,0,0,11.130900144577026,0.0,40.697517192327126
2025-09-02T22:12:25.386508,0c967960,cow_0777.mp4,1280,720,29.933920704845814,921600,0.2,1,0.01,9216.0,453,453,578,12.313276052474976,46.94120374925093,36.78955933981085
2025-09-02T22:12:37.258165,0c967960,hare_0777.mp4,1280,720,30.0,921600,0.2,1,0.01,9216.0,451,448,448,11.83155608177185,37.864841860506075,38.11840106939339
2025-09-02T22:12:45.599544,0c967960,humn.mp4,640,480,20.0,307200,0.2,1,0.01,3072.0,300,300,380,8.321250438690186,45.66621360572994,36.05227389926048
2025-09-02T22:12:58.335215,0c967960,insect_013.mp4,1920,1080,30.0,2073600,0.2,1,0.01,20736.0,450,0,0,12.657098054885864,0.0,35.55317325098007
2025-09-02T22:13:09.562440,0c967960,insect_015.mp4,1280,720,29.933774834437084,921600,0.2,1,0.01,9216.0,452,0,0,11.187997579574585,0.0,40.40043777138419
2025-09-02T22:13:20.619913,0c967960,insxeox.mp4,1280,720,29.934087863800634,921600,0.2,1,0.01,9216.0,454,0,0,11.015135288238525,0.0,41.216016700653796
2025-09-02T22:13:30.321838,0c967960,margay_008.mp4,1440,1080,15.0,1555200,0.2,1,0.01,15552.0,310,61,61,9.658636569976807,6.31559118702263,32.095627343885496
2025-09-02T22:13:35.326701,0c967960,margay_012.mp4,1440,1080,15.0,1555200,0.2,1,0.01,15552.0,160,30,30,4.983654499053955,6.019678933540615,32.10495431221661
2025-09-02T22:13:46.335493,0c967960,no_animal_004.mp4,1280,720,29.933920704845814,921600,0.2,1,0.01,9216.0,453,0,0,10.969457864761353,0.0,41.296480244044886
2025-09-02T22:13:57.327067,0c967960,no_animal_018.mp4,1280,720,29.933920704845814,921600,0.2,1,0.01,9216.0,453,0,0,10.951432228088379,0.0,41.36445266383876
2025-09-02T22:14:08.374350,0c967960,skunk_004.mp4,1280,720,29.934087863800634,921600,0.2,1,0.01,9216.0,454,23,24,11.007518768310547,2.1803278745336687,41.24453562659523
2025-09-02T22:14:22.170057,0c967960,wild_boar_001.mp4,1920,1080,30.0,2073600,0.2,1,0.01,20736.0,450,432,438,13.713733434677124,31.938786187316047,32.813821425324704
2025-09-02T22:14:34.011898,0c967960,wild_boar_005.mp4,1280,720,29.934087863800634,921600,0.2,1,0.01,9216.0,454,63,63,11.80413818359375,5.337111360451709,38.4610882165885
2025-09-02T22:14:42.050344,13bb4b28,armadillo_001.mp4,1920,1080,30.0,2073600,0.2,2,0.0025,5184.0,225,225,225,7.997087478637695,28.135243062056485,28.135243062056485
2025-09-02T22:14:48.273289,13bb4b28,armadillo_002.mp4,1280,720,30.00002202644789,921600,0.2,2,0.0025,2304.0,227,41,41,6.203944444656372,6.608698766687769,36.58962487897862
2025-09-02T22:14:54.464510,13bb4b28,armadillo_003.mp4,1280,720,30.00002202644789,921600,0.2,2,0.0025,2304.0,227,0,0,6.171698808670044,0.0,36.78079683362203
2025-09-02T22:15:00.782503,13bb4b28,bird_001.mp4,1280,720,29.86784140969163,921600,0.2,2,0.0025,2304.0,226,45,45,6.29787015914917,7.145272745044876,35.885147564003155
2025-09-02T22:15:08.764017,13bb4b28,bird_003.mp4,1920,1080,30.0,2073600,0.2,2,0.0025,5184.0,225,163,163,7.940878868103027,20.52669518165545,28.334395189401697
2025-09-02T22:15:16.531878,13bb4b28,bird_019.mp4,1920,1080,30.0,2073600,0.2,2,0.0025,5184.0,225,21,21,7.7266740798950195,2.7178576167257362,29.119903036347175
2025-09-02T22:15:22.938402,13bb4b28,capybara_001.mp4,1280,720,29.933920704845814,921600,0.2,2,0.0025,2304.0,227,227,227,6.386406660079956,35.54424453095476,35.54424453095476
2025-09-02T22:15:29.055655,13bb4b28,catescondido.mp4,1280,720,29.933920704845814,921600,0.2,2,0.0025,2304.0,227,0,0,6.098358631134033,0.0,37.223130637331465
2025-09-02T22:15:35.490452,13bb4b28,cow_0777.mp4,1280,720,29.933920704845814,921600,0.2,2,0.0025,2304.0,227,227,292,6.414661884307861,45.52071570823045,35.38767967728874
2025-09-02T22:15:41.841640,13bb4b28,hare_0777.mp4,1280,720,30.0,921600,0.2,2,0.0025,2304.0,226,224,226,6.332099676132202,35.691162735777745,35.691162735777745
2025-09-02T22:15:46.098419,13bb4b28,humn.mp4,640,480,20.0,307200,0.2,2,0.0025,768.0,150,150,190,4.24677848815918,44.739795242383344,35.320890980828956
2025-09-02T22:15:53.725225,13bb4b28,insect_013.mp4,1920,1080,30.0,2073600,0.2,2,0.0025,5184.0,225,0,0,7.58570122718811,0.0,29.661068009582504
2025-09-02T22:15:59.826371,13bb4b28,insect_015.mp4,1280,720,29.933774834437084,921600,0.2,2,0.0025,2304.0,226,0,0,6.080882787704468,0.0,37.1656563512409
2025-09-02T22:16:05.930762,13bb4b28,insxeox.mp4,1280,720,29.934087863800634,921600,0.2,2,0.0025,2304.0,227,0,0,6.084183216094971,0.0,37.30985605421923
2025-09-02T22:16:11.526935,13bb4b28,margay_008.mp4,1440,1080,15.0,1555200,0.2,2,0.0025,3888.0,155,30,30,5.575754642486572,5.380437613126598,27.798927667820756
2025-09-02T22:16:14.440584,13bb4b28,margay_012.mp4,1440,1080,15.0,1555200,0.2,2,0.0025,3888.0,80,15,15,2.902649164199829,5.16769308017114,27.561029760912746
2025-09-02T22:16:20.648273,13bb4b28,no_animal_004.mp4,1280,720,29.933920704845814,921600,0.2,2,0.0025,2304.0,227,0,0,6.1876890659332275,0.0,36.6857477131107
2025-09-02T22:16:26.870019,13bb4b28,no_animal_018.mp4,1280,720,29.933920704845814,921600,0.2,2,0.0025,2304.0,227,0,0,6.2012951374053955,0.0,36.60525663917621
2025-09-02T22:16:33.060502,13bb4b28,skunk_004.mp4,1280,720,29.934087863800634,921600,0.2,2,0.0025,2304.0,227,12,12,6.170341968536377,1.9447868628983678,36.78888482316079
2025-09-02T22:16:40.991817,13bb4b28,wild_boar_001.mp4,1920,1080,30.0,2073600,0.2,2,0.0025,5184.0,225,217,219,7.891139030456543,27.752647514477985,28.51299402172396
2025-09-02T22:16:47.219312,13bb4b28,wild_boar_005.mp4,1280,720,29.934087863800634,921600,0.2,2,0.0025,2304.0,227,33,33,6.2068846225738525,5.3166768848871655,36.57229251119353
2025-09-02T22:16:55.256029,8cc3b3f8,armadillo_001.mp4,1920,1080,30.0,2073600,0.2,2,0.005,10368.0,225,225,225,7.996105432510376,28.13869850755098,28.13869850755098
2025-09-02T22:17:01.527671,8cc3b3f8,armadillo_002.mp4,1280,720,30.00002202644789,921600,0.2,2,0.005,4608.0,227,41,41,6.250429391860962,6.559549341264205,36.3175048894384
2025-09-02T22:17:07.724336,8cc3b3f8,armadillo_003.mp4,1280,720,30.00002202644789,921600,0.2,2,0.005,4608.0,227,0,0,6.177562952041626,0.0,36.74588211601772
2025-09-02T22:17:13.949305,8cc3b3f8,bird_001.mp4,1280,720,29.86784140969163,921600,0.2,2,0.005,4608.0,226,44,44,6.202322721481323,7.0941165069674605,36.437962058514685
2025-09-02T22:17:21.907837,8cc3b3f8,bird_003.mp4,1920,1080,30.0,2073600,0.2,2,0.005,10368.0,225,163,163,7.9184253215789795,20.584900833224864,28.414740413960704
2025-09-02T22:17:29.736002,8cc3b3f8,bird_019.mp4,1920,1080,30.0,2073600,0.2,2,0.005,10368.0,225,16,16,7.789872169494629,2.0539489804025894,28.883657536911414
2025-09-02T22:17:36.157386,8cc3b3f8,capybara_001.mp4,1280,720,29.933920704845814,921600,0.2,2,0.005,4608.0,227,227,227,6.4012062549591064,35.46206620418454,35.46206620418454
2025-09-02T22:17:42.286706,8cc3b3f8,catescondido.mp4,1280,720,29.933920704845814,921600,0.2,2,0.005,4608.0,227,0,0,6.108809232711792,0.0,37.159451433586725
2025-09-02T22:17:48.696139,8cc3b3f8,cow_0777.mp4,1280,720,29.933920704845814,921600,0.2,2,0.005,4608.0,227,227,292,6.390258073806763,45.694555153709416,35.522821985931635
2025-09-02T22:17:55.090603,8cc3b3f8,hare_0777.mp4,1280,720,30.0,921600,0.2,2,0.005,4608.0,226,224,226,6.373820066452026,35.45754314426426,35.45754314426426
2025-09-02T22:17:59.339768,8cc3b3f8,humn.mp4,640,480,20.0,307200,0.2,2,0.005,1536.0,150,150,190,4.241166591644287,44.7989947799569,35.367627457860706
2025-09-02T22:18:07.032088,8cc3b3f8,insect_013.mp4,1920,1080,30.0,2073600,0.2,2,0.005,10368.0,225,0,0,7.650975227355957,0.0,29.40801575144507
2025-09-02T22:18:13.338738,8cc3b3f8,insect_015.mp4,1280,720,29.933774834437084,921600,0.2,2,0.005,4608.0,226,0,0,6.286466121673584,0.0,35.950245436117015
2025-09-02T22:18:19.634367,8cc3b3f8,insxeox.mp4,1280,720,29.934087863800634,921600,0.2,2,0.005,4608.0,227,0,0,6.275629043579102,0.0,36.171672739684105
2025-09-02T22:18:25.326506,8cc3b3f8,margay_008.mp4,1440,1080,15.0,1555200,0.2,2,0.005,7776.0,155,30,30,5.670125484466553,5.290888196775492,27.33625568334004
2025-09-02T22:18:28.298421,8cc3b3f8,margay_012.mp4,1440,1080,15.0,1555200,0.2,2,0.005,7776.0,80,15,15,2.9598095417022705,5.067893656215824,27.02876616648439
2025-09-02T22:18:34.770815,8cc3b3f8,no_animal_004.mp4,1280,720,29.933920704845814,921600,0.2,2,0.005,4608.0,227,0,0,6.451085329055786,0.0,35.187877453362546
2025-09-02T22:18:41.035178,8cc3b3f8,no_animal_018.mp4,1280,720,29.933920704845814,921600,0.2,2,0.005,4608.0,227,0,0,6.2453460693359375,0.0,36.34706507531243
2025-09-02T22:18:47.232003,8cc3b3f8,skunk_004.mp4,1280,720,29.934087863800634,921600,0.2,2,0.005,4608.0,227,12,12,6.177227020263672,1.9426192303820795,36.74788044139434
2025-09-02T22:18:55.175831,8cc3b3f8,wild_boar_001.mp4,1920,1080,30.0,2073600,0.2,2,0.005,10368.0,225,217,219,7.902285099029541,27.713502772368315,28.47277682092635
2025-09-02T22:19:01.469844,8cc3b3f8,wild_boar_005.mp4,1280,720,29.934087863800634,921600,0.2,2,0.005,4608.0,227,33,33,6.275826930999756,5.258271198811248,36.17053218576222
2025-09-02T22:19:09.393782,f4a4a8a9,armadillo_001.mp4,1920,1080,30.0,2073600,0.2,2,0.01,20736.0,225,225,225,7.88193678855896,28.5462832341664,28.5462832341664
2025-09-02T22:19:15.709974,f4a4a8a9,armadillo_002.mp4,1280,720,30.00002202644789,921600,0.2,2,0.01,9216.0,227,37,37,6.2951884269714355,5.877504768796952,36.05928601397049
2025-09-02T22:19:21.883369,f4a4a8a9,armadillo_003.mp4,1280,720,30.00002202644789,921600,0.2,2,0.01,9216.0,227,0,0,6.154388904571533,0.0,36.8842469203372
2025-09-02T22:19:28.042050,f4a4a8a9,bird_001.mp4,1280,720,29.86784140969163,921600,0.2,2,0.01,9216.0,226,43,43,6.140629053115845,7.002539907239825,36.80404695433024
2025-09-02T22:19:35.927649,f4a4a8a9,bird_003.mp4,1920,1080,30.0,2073600,0.2,2,0.01,20736.0,225,134,134,7.8454201221466064,17.08002859167928,28.679152486028645
2025-09-02T22:19:43.614437,f4a4a8a9,bird_019.mp4,1920,1080,30.0,2073600,0.2,2,0.01,20736.0,225,15,15,7.643692255020142,1.9624023965837272,29.436035948755908
2025-09-02T22:19:50.034462,f4a4a8a9,capybara_001.mp4,1280,720,29.933920704845814,921600,0.2,2,0.01,9216.0,227,227,227,6.399026870727539,35.47414389497495,35.47414389497495
2025-09-02T22:19:56.172835,f4a4a8a9,catescondido.mp4,1280,720,29.933920704845814,921600,0.2,2,0.01,9216.0,227,0,0,6.117191314697266,0.0,37.10853369169704
2025-09-02T22:20:02.555505,f4a4a8a9,cow_0777.mp4,1280,720,29.933920704845814,921600,0.2,2,0.01,9216.0,227,227,292,6.363410949707031,45.88733971572959,35.67269217626924
2025-09-02T22:20:08.943898,f4a4a8a9,hare_0777.mp4,1280,720,30.0,921600,0.2,2,0.01,9216.0,226,224,224,6.3684022426605225,35.173657609042564,35.487708123409014
2025-09-02T22:20:13.275574,f4a4a8a9,humn.mp4,640,480,20.0,307200,0.2,2,0.01,3072.0,150,150,190,4.321675062179565,43.9644344533799,34.70876404214202
2025-09-02T22:20:21.193499,f4a4a8a9,insect_013.mp4,1920,1080,30.0,2073600,0.2,2,0.01,20736.0,225,0,0,7.878539562225342,0.0,28.5585923917665
2025-09-02T22:20:27.488253,f4a4a8a9,insect_015.mp4,1280,720,29.933774834437084,921600,0.2,2,0.01,9216.0,226,0,0,6.275689601898193,0.0,36.011978656758664
2025-09-02T22:20:33.955243,f4a4a8a9,insxeox.mp4,1280,720,29.934087863800634,921600,0.2,2,0.01,9216.0,227,0,0,6.445765256881714,0.0,35.216920094576395
2025-09-02T22:20:39.598086,f4a4a8a9,margay_008.mp4,1440,1080,15.0,1555200,0.2,2,0.01,15552.0,155,30,30,5.620695352554321,5.33741790263842,27.576659163631838
2025-09-02T22:20:42.522771,f4a4a8a9,margay_012.mp4,1440,1080,15.0,1555200,0.2,2,0.01,15552.0,80,15,15,2.913045644760132,5.149249901724469,27.462666142530498
2025-09-02T22:20:48.778381,f4a4a8a9,no_animal_004.mp4,1280,720,29.933920704845814,921600,0.2,2,0.01,9216.0,227,0,0,6.235607385635376,0.0,36.40383140909855
2025-09-02T22:20:55.040987,f4a4a8a9,no_animal_018.mp4,1280,720,29.933920704845814,921600,0.2,2,0.01,9216.0,227,0,0,6.241499423980713,0.0,36.369465825444806
2025-09-02T22:21:01.417275,f4a4a8a9,skunk_004.mp4,1280,720,29.934087863800634,921600,0.2,2,0.01,9216.0,227,11,11,6.356045246124268,1.7306358866320974,35.71403147868056
2025-09-02T22:21:09.518022,f4a4a8a9,wild_boar_001.mp4,1920,1080,30.0,2073600,0.2,2,0.01,20736.0,225,217,219,8.060428380966187,27.16977183460179,27.914149145138826
2025-09-02T22:21:15.715328,f4a4a8a9,wild_boar_005.mp4,1280,720,29.934087863800634,921600,0.2,2,0.01,9216.0,227,33,33,6.176297664642334,5.3430067318348735,36.753409943227766
2025-09-02T22:21:20.562846,1bbc4eef,armadillo_001.mp4,1920,1080,30.0,2073600,0.2,5,0.0025,5184.0,90,90,90,4.82689642906189,18.645521262508538,18.645521262508538
2025-09-02T22:21:23.780360,1bbc4eef,armadillo_002.mp4,1280,720,30.00002202644789,921600,0.2,5,0.0025,2304.0,91,16,16,3.2095136642456055,4.985178962857225,28.35320535125047
2025-09-02T22:21:26.980908,1bbc4eef,armadillo_003.mp4,1280,720,30.00002202644789,921600,0.2,5,0.0025,2304.0,91,0,0,3.1915481090545654,0.0,28.512808483703854
2025-09-02T22:21:30.194458,1bbc4eef,bird_001.mp4,1280,720,29.86784140969163,921600,0.2,5,0.0025,2304.0,91,17,17,3.20448637008667,5.305062352173528,28.39768670869359
2025-09-02T22:21:34.948056,1bbc4eef,bird_003.mp4,1920,1080,30.0,2073600,0.2,5,0.0025,5184.0,90,63,63,4.737520456314087,13.298095613715962,18.99727944816566
2025-09-02T22:21:39.644829,1bbc4eef,bird_019.mp4,1920,1080,30.0,2073600,0.2,5,0.0025,5184.0,90,9,9,4.681764841079712,1.9223519987655795,19.223519987655795
2025-09-02T22:21:42.958617,1bbc4eef,capybara_001.mp4,1280,720,29.933920704845814,921600,0.2,5,0.0025,2304.0,91,91,91,3.3047897815704346,27.535790780845627,27.535790780845627
2025-09-02T22:21:46.149732,1bbc4eef,catescondido.mp4,1280,720,29.933920704845814,921600,0.2,5,0.0025,2304.0,91,0,0,3.1838302612304688,0.0,28.58192571008193
2025-09-02T22:21:49.458101,1bbc4eef,cow_0777.mp4,1280,720,29.933920704845814,921600,0.2,5,0.0025,2304.0,91,91,115,3.2993710041046143,34.855128403848234,27.581014650001645
2025-09-02T22:21:52.863210,1bbc4eef,hare_0777.mp4,1280,720,30.0,921600,0.2,5,0.0025,2304.0,91,91,91,3.3961074352264404,26.79538316606066,26.79538316606066
2025-09-02T22:21:54.706995,1bbc4eef,humn.mp4,640,480,20.0,307200,0.2,5,0.0025,768.0,60,60,75,1.8387846946716309,40.78780958822015,32.63024767057612
2025-09-02T22:21:59.416829,1bbc4eef,insect_013.mp4,1920,1080,30.0,2073600,0.2,5,0.0025,5184.0,90,0,0,4.693679571151733,0.0,19.17472180102738
2025-09-02T22:22:02.639725,1bbc4eef,insect_015.mp4,1280,720,29.933774834437084,921600,0.2,5,0.0025,2304.0,91,0,0,3.2139029502868652,0.0,28.314482860124187
2025-09-02T22:22:05.860260,1bbc4eef,insxeox.mp4,1280,720,29.934087863800634,921600,0.2,5,0.0025,2304.0,91,0,0,3.211536407470703,0.0,28.335347464321135
2025-09-02T22:22:09.003190,1bbc4eef,margay_008.mp4,1440,1080,15.0,1555200,0.2,5,0.0025,3888.0,62,12,12,3.134922504425049,3.8278458185366926,19.77720339577291
2025-09-02T22:22:10.645192,1bbc4eef,margay_012.mp4,1440,1080,15.0,1555200,0.2,5,0.0025,3888.0,32,6,6,1.6380031108856201,3.6629967062492184,19.535982433329167
2025-09-02T22:22:13.913862,1bbc4eef,no_animal_004.mp4,1280,720,29.933920704845814,921600,0.2,5,0.0025,2304.0,91,0,0,3.259669780731201,0.0,27.916938254888844
2025-09-02T22:22:17.142262,1bbc4eef,no_animal_018.mp4,1280,720,29.933920704845814,921600,0.2,5,0.0025,2304.0,91,0,0,3.2222752571105957,0.0,28.240914490216277
2025-09-02T22:22:20.408869,1bbc4eef,skunk_004.mp4,1280,720,29.934087863800634,921600,0.2,5,0.0025,2304.0,91,5,5,3.2570836544036865,1.535115621988963,27.939104320199128
2025-09-02T22:22:25.248088,1bbc4eef,wild_boar_001.mp4,1920,1080,30.0,2073600,0.2,5,0.0025,5184.0,90,86,87,4.822075128555298,18.042024995588434,18.66416378853976
2025-09-02T22:22:28.496926,1bbc4eef,wild_boar_005.mp4,1280,720,29.934087863800634,921600,0.2,5,0.0025,2304.0,91,13,13,3.2397568225860596,4.012646847247954,28.088527930735676
2025-09-02T22:22:33.335887,8016cd48,armadillo_001.mp4,1920,1080,30.0,2073600,0.2,5,0.005,10368.0,90,90,90,4.82196044921875,18.664607673126337,18.664607673126337
2025-09-02T22:22:36.602262,8016cd48,armadillo_002.mp4,1280,720,30.00002202644789,921600,0.2,5,0.005,4608.0,91,16,16,3.258371591567993,4.910428276935868,27.928060825072745
2025-09-02T22:22:39.845635,8016cd48,armadillo_003.mp4,1280,720,30.00002202644789,921600,0.2,5,0.005,4608.0,91,0,0,3.2352712154388428,0.0,28.12747183783059
2025-09-02T22:22:43.103530,8016cd48,bird_001.mp4,1280,720,29.86784140969163,921600,0.2,5,0.005,4608.0,91,17,17,3.2498939037323,5.230939994833851,28.000914089992968
2025-09-02T22:22:47.913291,8016cd48,bird_003.mp4,1920,1080,30.0,2073600,0.2,5,0.005,10368.0,90,63,63,4.792685031890869,13.145032394324579,18.778617706177968
2025-09-02T22:22:52.659461,8016cd48,bird_019.mp4,1920,1080,30.0,2073600,0.2,5,0.005,10368.0,90,7,7,4.72899055480957,1.4802313345457465,19.031545729873883
2025-09-02T22:22:56.005990,8016cd48,capybara_001.mp4,1280,720,29.933920704845814,921600,0.2,5,0.005,4608.0,91,91,91,3.3385329246520996,27.257481670480423,27.257481670480423
2025-09-02T22:22:59.202399,8016cd48,catescondido.mp4,1280,720,29.933920704845814,921600,0.2,5,0.005,4608.0,91,0,0,3.187405824661255,0.0,28.549863119382085
2025-09-02T22:23:02.538345,8016cd48,cow_0777.mp4,1280,720,29.933920704845814,921600,0.2,5,0.005,4608.0,91,91,115,3.328824520111084,34.54672942512524,27.33697719727302
2025-09-02T22:23:05.890100,8016cd48,hare_0777.mp4,1280,720,30.0,921600,0.2,5,0.005,4608.0,91,91,91,3.3422443866729736,27.2272130556514,27.2272130556514
2025-09-02T22:23:07.722027,8016cd48,humn.mp4,640,480,20.0,307200,0.2,5,0.005,1536.0,60,60,75,1.8289263248443604,41.00766607226916,32.80613285781533
2025-09-02T22:23:12.509960,8016cd48,insect_013.mp4,1920,1080,30.0,2073600,0.2,5,0.005,10368.0,90,0,0,4.770935535430908,0.0,18.86422470637538
2025-09-02T22:23:15.713891,8016cd48,insect_015.mp4,1280,720,29.933774834437084,921600,0.2,5,0.005,4608.0,91,0,0,3.195819616317749,0.0,28.474698489037685
2025-09-02T22:23:18.961387,8016cd48,insxeox.mp4,1280,720,29.934087863800634,921600,0.2,5,0.005,4608.0,91,0,0,3.2388389110565186,0.0,28.096488432737626
2025-09-02T22:23:22.141470,8016cd48,margay_008.mp4,1440,1080,15.0,1555200,0.2,5,0.005,7776.0,62,12,12,3.1710762977600098,3.7842041228956176,19.551721301627357
2025-09-02T22:23:23.779253,8016cd48,margay_012.mp4,1440,1080,15.0,1555200,0.2,5,0.005,7776.0,32,6,6,1.633775234222412,3.6724757936826435,19.586537566307435
2025-09-02T22:23:27.012935,8016cd48,no_animal_004.mp4,1280,720,29.933920704845814,921600,0.2,5,0.005,4608.0,91,0,0,3.2255983352661133,0.0,28.21182011569102
2025-09-02T22:23:30.234306,8016cd48,no_animal_018.mp4,1280,720,29.933920704845814,921600,0.2,5,0.005,4608.0,91,0,0,3.213364362716675,0.0,28.319228611555854
2025-09-02T22:23:33.401724,8016cd48,skunk_004.mp4,1280,720,29.934087863800634,921600,0.2,5,0.005,4608.0,91,5,5,3.159416437149048,1.5825707371807667,28.802787416689952
2025-09-02T22:23:38.406393,8016cd48,wild_boar_001.mp4,1920,1080,30.0,2073600,0.2,5,0.005,10368.0,90,86,87,4.988936424255371,17.43858662480055,18.039917198069535
2025-09-02T22:23:41.471124,8016cd48,wild_boar_005.mp4,1280,720,29.934087863800634,921600,0.2,5,0.005,4608.0,91,13,13,3.0567171573638916,4.25292865866961,29.77050061068727
2025-09-02T22:23:46.102379,83f290d5,armadillo_001.mp4,1920,1080,30.0,2073600,0.2,5,0.01,20736.0,90,90,90,4.6200220584869385,19.480426469971245,19.480426469971245
2025-09-02T22:23:49.159003,83f290d5,armadillo_002.mp4,1280,720,30.00002202644789,921600,0.2,5,0.01,9216.0,91,15,15,3.0496163368225098,4.918651509989275,29.839819160601603
2025-09-02T22:23:52.200581,83f290d5,armadillo_003.mp4,1280,720,30.00002202644789,921600,0.2,5,0.01,9216.0,91,0,0,3.0229387283325195,0.0,30.103157284367594
2025-09-02T22:23:55.242425,83f290d5,bird_001.mp4,1280,720,29.86784140969163,921600,0.2,5,0.01,9216.0,91,16,16,3.0262038707733154,5.28715205030498,30.07067728610957
2025-09-02T22:23:59.804623,83f290d5,bird_003.mp4,1920,1080,30.0,2073600,0.2,5,0.01,20736.0,90,53,53,4.5463645458221436,11.65766613429714,19.796036831825333
2025-09-02T22:24:04.336223,83f290d5,bird_019.mp4,1920,1080,30.0,2073600,0.2,5,0.01,20736.0,90,7,7,4.506537437438965,1.553298978911413,19.970986871718168
2025-09-02T22:24:07.417302,83f290d5,capybara_001.mp4,1280,720,29.933920704845814,921600,0.2,5,0.01,9216.0,91,91,91,3.0687081813812256,29.654171925543242,29.654171925543242
2025-09-02T22:24:10.917961,83f290d5,catescondido.mp4,1280,720,29.933920704845814,921600,0.2,5,0.01,9216.0,91,0,0,3.492149591445923,0.0,26.058448418964062
2025-09-02T22:24:14.279834,83f290d5,cow_0777.mp4,1280,720,29.933920704845814,921600,0.2,5,0.01,9216.0,91,91,115,3.3538758754730225,34.28868696095698,27.132787073452914
2025-09-02T22:24:17.726254,83f290d5,hare_0777.mp4,1280,720,30.0,921600,0.2,5,0.01,9216.0,91,91,91,3.4354183673858643,26.488767966052773,26.488767966052773
2025-09-02T22:24:19.595209,83f290d5,humn.mp4,640,480,20.0,307200,0.2,5,0.01,3072.0,60,60,75,1.863950490951538,40.237120226145514,32.189696180916414
2025-09-02T22:24:24.493658,83f290d5,insect_013.mp4,1920,1080,30.0,2073600,0.2,5,0.01,20736.0,90,0,0,4.881441354751587,0.0,18.437177353855567
2025-09-02T22:24:27.849352,83f290d5,insect_015.mp4,1280,720,29.933774834437084,921600,0.2,5,0.01,9216.0,91,0,0,3.3486931324005127,0.0,27.174780250696365
2025-09-02T22:24:31.161397,83f290d5,insxeox.mp4,1280,720,29.934087863800634,921600,0.2,5,0.01,9216.0,91,0,0,3.303037405014038,0.0,27.550399478329023
2025-09-02T22:24:34.302940,83f290d5,margay_008.mp4,1440,1080,15.0,1555200,0.2,5,0.01,15552.0,62,12,12,3.1335391998291016,3.829535625612873,19.78593406566651
2025-09-02T22:24:35.932373,83f290d5,margay_012.mp4,1440,1080,15.0,1555200,0.2,5,0.01,15552.0,32,6,6,1.624427318572998,3.6936093916905977,19.69925008901652
2025-09-02T22:24:39.227859,83f290d5,no_animal_004.mp4,1280,720,29.933920704845814,921600,0.2,5,0.01,9216.0,91,0,0,3.2861216068267822,0.0,27.692219244397787
2025-09-02T22:24:42.508828,83f290d5,no_animal_018.mp4,1280,720,29.933920704845814,921600,0.2,5,0.01,9216.0,91,0,0,3.2739651203155518,0.0,27.795042603028474
2025-09-02T22:24:45.748240,83f290d5,skunk_004.mp4,1280,720,29.934087863800634,921600,0.2,5,0.01,9216.0,91,5,5,3.2304131984710693,1.5477896147670716,28.169770988760703
2025-09-02T22:24:50.650773,83f290d5,wild_boar_001.mp4,1920,1080,30.0,2073600,0.2,5,0.01,20736.0,90,86,87,4.886532783508301,17.804034855474374,18.417967091870043
2025-09-02T22:24:53.914580,83f290d5,wild_boar_005.mp4,1280,720,29.934087863800634,921600,0.2,5,0.01,9216.0,91,13,13,3.2548182010650635,3.994078684869727,27.95855079408809
2025-09-02T22:25:07.233898,fb936666,armadillo_001.mp4,1920,1080,30.0,2073600,0.25,1,0.0025,5184.0,450,450,450,13.231440782546997,34.0099016725053,34.0099016725053
2025-09-02T22:25:18.397168,fb936666,armadillo_002.mp4,1280,720,30.00002202644789,921600,0.25,1,0.0025,2304.0,454,83,83,11.126269817352295,7.459822686535514,40.804331321531606
2025-09-02T22:25:29.522740,fb936666,armadillo_003.mp4,1280,720,30.00002202644789,921600,0.25,1,0.0025,2304.0,454,0,0,11.084775924682617,0.0,40.957075098746216
2025-09-02T22:25:40.657407,fb936666,bird_001.mp4,1280,720,29.86784140969163,921600,0.25,1,0.0025,2304.0,452,86,86,11.097130298614502,7.749751303788626,40.731251038516966
2025-09-02T22:25:53.640053,fb936666,bird_003.mp4,1920,1080,30.0,2073600,0.25,1,0.0025,5184.0,450,327,327,12.899624109268188,25.349575865939794,34.88473743019238
2025-09-02T22:26:06.299258,fb936666,bird_019.mp4,1920,1080,30.0,2073600,0.25,1,0.0025,5184.0,450,39,39,12.57913851737976,3.100371296978429,35.77351496513572
2025-09-02T22:26:18.393191,fb936666,capybara_001.mp4,1280,720,29.933920704845814,921600,0.25,1,0.0025,2304.0,453,453,453,12.052419424057007,37.58581443787111,37.58581443787111
2025-09-02T22:26:29.944702,fb936666,catescondido.mp4,1280,720,29.933920704845814,921600,0.25,1,0.0025,2304.0,453,0,0,11.514508724212646,0.0,39.34166978808519
2025-09-02T22:26:41.952273,fb936666,cow_0777.mp4,1280,720,29.933920704845814,921600,0.25,1,0.0025,2304.0,453,453,578,11.969561100006104,48.289155731842605,37.845999215440656
2025-09-02T22:26:53.932099,fb936666,hare_0777.mp4,1280,720,30.0,921600,0.25,1,0.0025,2304.0,451,448,452,11.93983769416809,37.856460998693095,37.7727077663951
2025-09-02T22:27:02.259574,fb936666,humn.mp4,640,480,20.0,307200,0.25,1,0.0025,768.0,300,300,380,8.309473276138306,45.73093713306927,36.10337142084416
2025-09-02T22:27:15.028320,fb936666,insect_013.mp4,1920,1080,30.0,2073600,0.25,1,0.0025,5184.0,450,0,0,12.687712907791138,0.0,35.467385120581405
2025-09-02T22:27:26.097808,fb936666,insect_015.mp4,1280,720,29.933774834437084,921600,0.25,1,0.0025,2304.0,452,0,0,11.031980991363525,0.0,40.97178923294482
2025-09-02T22:27:37.051238,fb936666,insxeox.mp4,1280,720,29.934087863800634,921600,0.25,1,0.0025,2304.0,454,0,0,10.914422988891602,0.0,41.59633546015842
2025-09-02T22:27:46.756820,fb936666,margay_008.mp4,1440,1080,15.0,1555200,0.25,1,0.0025,3888.0,310,61,61,9.6625816822052,6.313012609491188,32.08252309741423
2025-09-02T22:27:51.753045,fb936666,margay_012.mp4,1440,1080,15.0,1555200,0.25,1,0.0025,3888.0,160,30,31,4.973223447799683,6.233381694063117,32.172292614519314
2025-09-02T22:28:02.738871,fb936666,no_animal_004.mp4,1280,720,29.933920704845814,921600,0.25,1,0.0025,2304.0,453,0,0,10.947826385498047,0.0,41.37807671119656
2025-09-02T22:28:13.743939,fb936666,no_animal_018.mp4,1280,720,29.933920704845814,921600,0.25,1,0.0025,2304.0,453,0,0,10.966063976287842,0.0,41.30926109673733
2025-09-02T22:28:24.748970,fb936666,skunk_004.mp4,1280,720,29.934087863800634,921600,0.25,1,0.0025,2304.0,454,24,25,10.965502738952637,2.2798772290843328,41.402570480171484
2025-09-02T22:28:37.755174,fb936666,wild_boar_001.mp4,1920,1080,30.0,2073600,0.25,1,0.0025,5184.0,450,432,438,12.927183389663696,33.88209069194575,34.81036714925933
2025-09-02T22:28:48.898726,fb936666,wild_boar_005.mp4,1280,720,29.934087863800634,921600,0.25,1,0.0025,2304.0,454,63,63,11.105553150177002,5.672837646902432,40.88044907450325
2025-09-02T22:29:02.033506,a630ed6c,armadillo_001.mp4,1920,1080,30.0,2073600,0.25,1,0.005,10368.0,450,450,450,13.053723335266113,34.47292304596911,34.47292304596911
2025-09-02T22:29:13.187113,a630ed6c,armadillo_002.mp4,1280,720,30.00002202644789,921600,0.25,1,0.005,4608.0,454,82,82,11.115607023239136,7.37701502298206,40.84347341992506
2025-09-02T22:29:24.292058,a630ed6c,armadillo_003.mp4,1280,720,30.00002202644789,921600,0.25,1,0.005,4608.0,454,0,0,11.065945386886597,0.0,41.02677034155623
2025-09-02T22:29:35.405979,a630ed6c,bird_001.mp4,1280,720,29.86784140969163,921600,0.25,1,0.005,4608.0,452,85,85,11.075920343399048,7.674305824225048,40.8092497947026
2025-09-02T22:29:48.375107,a630ed6c,bird_003.mp4,1920,1080,30.0,2073600,0.25,1,0.005,10368.0,450,327,327,12.889691829681396,25.369109232465078,34.91161820981433
2025-09-02T22:30:00.983016,a630ed6c,bird_019.mp4,1920,1080,30.0,2073600,0.25,1,0.005,10368.0,450,32,32,12.524890184402466,2.5549126202998838,35.928458722967115
2025-09-02T22:30:12.635186,a630ed6c,capybara_001.mp4,1280,720,29.933920704845814,921600,0.25,1,0.005,4608.0,453,453,453,11.615170001983643,39.0007206026805,39.0007206026805
2025-09-02T22:30:24.378657,a630ed6c,catescondido.mp4,1280,720,29.933920704845814,921600,0.25,1,0.005,4608.0,453,0,0,11.70396089553833,0.0,38.70484565380667
2025-09-02T22:30:36.958217,a630ed6c,cow_0777.mp4,1280,720,29.933920704845814,921600,0.25,1,0.005,4608.0,453,453,578,12.540558099746704,46.090452705743175,36.12279424861879
2025-09-02T22:30:48.619746,a630ed6c,hare_0777.mp4,1280,720,30.0,921600,0.25,1,0.005,4608.0,451,448,452,11.622018575668335,38.891694851211106,38.805651278531435
2025-09-02T22:30:56.941532,a630ed6c,humn.mp4,640,480,20.0,307200,0.25,1,0.005,1536.0,300,300,380,8.303784370422363,45.76226730471708,36.1281057668819
2025-09-02T22:31:09.589197,a630ed6c,insect_013.mp4,1920,1080,30.0,2073600,0.25,1,0.005,10368.0,450,0,0,12.569663286209106,0.0,35.80048166395361
2025-09-02T22:31:20.600067,a630ed6c,insect_015.mp4,1280,720,29.933774834437084,921600,0.25,1,0.005,4608.0,452,0,0,10.972364902496338,0.0,41.19440102626963
2025-09-02T22:31:31.694273,a630ed6c,insxeox.mp4,1280,720,29.934087863800634,921600,0.25,1,0.005,4608.0,454,0,0,11.056270837783813,0.0,41.062669923795255
2025-09-02T22:31:41.434733,a630ed6c,margay_008.mp4,1440,1080,15.0,1555200,0.25,1,0.005,7776.0,310,61,61,9.696940422058105,6.290643991298566,31.968846513156645
2025-09-02T22:31:46.445736,a630ed6c,margay_012.mp4,1440,1080,15.0,1555200,0.25,1,0.005,7776.0,160,30,31,4.988995313644409,6.213675910902955,32.0705853465959
2025-09-02T22:31:57.490357,a630ed6c,no_animal_004.mp4,1280,720,29.933920704845814,921600,0.25,1,0.005,4608.0,453,0,0,11.004614114761353,0.0,41.164551094286495
2025-09-02T22:32:08.447864,a630ed6c,no_animal_018.mp4,1280,720,29.933920704845814,921600,0.25,1,0.005,4608.0,453,0,0,10.91899561882019,0.0,41.48733233478
2025-09-02T22:32:20.165597,a630ed6c,skunk_004.mp4,1280,720,29.934087863800634,921600,0.25,1,0.005,4608.0,454,24,25,11.677725315093994,2.140827886034137,38.87743441037993
2025-09-02T22:32:34.181163,a630ed6c,wild_boar_001.mp4,1920,1080,30.0,2073600,0.25,1,0.005,10368.0,450,432,438,13.93352460861206,31.4349751626577,32.2962073588949
2025-09-02T22:32:45.822713,a630ed6c,wild_boar_005.mp4,1280,720,29.934087863800634,921600,0.25,1,0.005,4608.0,454,63,63,11.603549718856812,5.429373038977834,39.12595809041169
2025-09-02T22:32:59.201572,cceea18b,armadillo_001.mp4,1920,1080,30.0,2073600,0.25,1,0.01,20736.0,450,450,450,13.297323942184448,33.841395603849236,33.841395603849236
2025-09-02T22:33:10.496429,cceea18b,armadillo_002.mp4,1280,720,30.00002202644789,921600,0.25,1,0.01,9216.0,454,73,73,11.256856441497803,6.484936569937001,40.33097538015615
2025-09-02T22:33:21.452735,cceea18b,armadillo_003.mp4,1280,720,30.00002202644789,921600,0.25,1,0.01,9216.0,454,0,0,10.918312072753906,0.0,41.58151891746472
2025-09-02T22:33:32.453934,cceea18b,bird_001.mp4,1280,720,29.86784140969163,921600,0.25,1,0.01,9216.0,452,81,81,10.962191820144653,7.3890332635076215,41.232630063030186
2025-09-02T22:33:45.268919,cceea18b,bird_003.mp4,1920,1080,30.0,2073600,0.25,1,0.01,20736.0,450,272,272,12.735454082489014,21.35769939871986,35.334429152293886
2025-09-02T22:33:57.845360,cceea18b,bird_019.mp4,1920,1080,30.0,2073600,0.25,1,0.01,20736.0,450,31,31,12.497943639755249,2.480408049000218,36.00592329193865
2025-09-02T22:34:09.274319,cceea18b,capybara_001.mp4,1280,720,29.933920704845814,921600,0.25,1,0.01,9216.0,453,453,453,11.388954401016235,39.77538095679607,39.77538095679607
2025-09-02T22:34:20.202873,cceea18b,catescondido.mp4,1280,720,29.933920704845814,921600,0.25,1,0.01,9216.0,453,0,0,10.890045881271362,0.0,41.59762088597503
2025-09-02T22:34:31.673018,cceea18b,cow_0777.mp4,1280,720,29.933920704845814,921600,0.25,1,0.01,9216.0,453,453,578,11.433144092559814,50.554772626030044,39.62164705811697
2025-09-02T22:34:43.137058,cceea18b,hare_0777.mp4,1280,720,30.0,921600,0.25,1,0.01,9216.0,451,448,448,11.426032781600952,39.208709493762605,39.47126781626548
2025-09-02T22:34:51.437814,cceea18b,humn.mp4,640,480,20.0,307200,0.25,1,0.01,3072.0,300,300,380,8.282748222351074,45.87849223456611,36.219862290446926
2025-09-02T22:35:04.147768,cceea18b,insect_013.mp4,1920,1080,30.0,2073600,0.25,1,0.01,20736.0,450,0,0,12.629898309707642,0.0,35.62974055413568
2025-09-02T22:35:15.217051,cceea18b,insect_015.mp4,1280,720,29.933774834437084,921600,0.25,1,0.01,9216.0,452,0,0,11.03120732307434,0.0,40.97466276919088
2025-09-02T22:35:26.330161,cceea18b,insxeox.mp4,1280,720,29.934087863800634,921600,0.25,1,0.01,9216.0,454,0,0,11.07460904121399,0.0,40.99467514477901
2025-09-02T22:35:36.088468,cceea18b,margay_008.mp4,1440,1080,15.0,1555200,0.25,1,0.01,15552.0,310,61,61,9.715305805206299,6.278752436934197,31.908414023763953
2025-09-02T22:35:41.107583,cceea18b,margay_012.mp4,1440,1080,15.0,1555200,0.25,1,0.01,15552.0,160,30,30,4.996115207672119,6.004665375596522,32.02488200318145
2025-09-02T22:35:52.180120,cceea18b,no_animal_004.mp4,1280,720,29.933920704845814,921600,0.25,1,0.01,9216.0,453,0,0,11.033530950546265,0.0,41.05666644978888
2025-09-02T22:36:03.302427,cceea18b,no_animal_018.mp4,1280,720,29.933920704845814,921600,0.25,1,0.01,9216.0,453,0,0,11.08430552482605,0.0,40.86859559991325
2025-09-02T22:36:14.706328,cceea18b,skunk_004.mp4,1280,720,29.934087863800634,921600,0.25,1,0.01,9216.0,454,23,24,11.36590051651001,2.1115792774305744,39.944041331395034
2025-09-02T22:36:28.916032,cceea18b,wild_boar_001.mp4,1920,1080,30.0,2073600,0.25,1,0.01,20736.0,450,432,438,14.129184484481812,30.999666009107507,31.84897192716525
2025-09-02T22:36:40.799769,cceea18b,wild_boar_005.mp4,1280,720,29.934087863800634,921600,0.25,1,0.01,9216.0,454,63,63,11.842725038528442,5.319721583929325,38.33577141434783
2025-09-02T22:36:48.929959,63c5b9cc,armadillo_001.mp4,1920,1080,30.0,2073600,0.25,2,0.0025,5184.0,225,225,225,8.088193893432617,27.81832420989482,27.81832420989482
2025-09-02T22:36:55.323781,63c5b9cc,armadillo_002.mp4,1280,720,30.00002202644789,921600,0.25,2,0.0025,2304.0,227,41,41,6.374828577041626,6.431545492479253,35.608800653482696
2025-09-02T22:37:01.555214,63c5b9cc,armadillo_003.mp4,1280,720,30.00002202644789,921600,0.25,2,0.0025,2304.0,227,0,0,6.2104198932647705,0.0,36.551473797477456
2025-09-02T22:37:07.901103,63c5b9cc,bird_001.mp4,1280,720,29.86784140969163,921600,0.25,2,0.0025,2304.0,226,45,45,6.325890779495239,7.113622660995528,35.72619380855532
2025-09-02T22:37:15.697413,63c5b9cc,bird_003.mp4,1920,1080,30.0,2073600,0.25,2,0.0025,5184.0,225,163,163,7.755774259567261,21.016599316171266,29.010643227843772
2025-09-02T22:37:23.398025,63c5b9cc,bird_019.mp4,1920,1080,30.0,2073600,0.25,2,0.0025,5184.0,225,21,21,7.659075021743774,2.7418454500552523,29.376915536306274
2025-09-02T22:37:29.794588,63c5b9cc,capybara_001.mp4,1280,720,29.933920704845814,921600,0.25,2,0.0025,2304.0,227,227,227,6.375562906265259,35.60469927713008,35.60469927713008
2025-09-02T22:37:35.880426,63c5b9cc,catescondido.mp4,1280,720,29.933920704845814,921600,0.25,2,0.0025,2304.0,227,0,0,6.06633996963501,0.0,37.41959750627985
2025-09-02T22:37:42.212715,63c5b9cc,cow_0777.mp4,1280,720,29.933920704845814,921600,0.25,2,0.0025,2304.0,227,227,292,6.312286853790283,46.25898771134986,35.96161030985075
2025-09-02T22:37:48.531774,63c5b9cc,hare_0777.mp4,1280,720,30.0,921600,0.25,2,0.0025,2304.0,226,224,226,6.299058198928833,35.87837941208921,35.87837941208921
2025-09-02T22:37:52.780271,63c5b9cc,humn.mp4,640,480,20.0,307200,0.25,2,0.0025,768.0,150,150,190,4.239496469497681,44.81664305348797,35.381560305385236
2025-09-02T22:38:00.398846,63c5b9cc,insect_013.mp4,1920,1080,30.0,2073600,0.25,2,0.0025,5184.0,225,0,0,7.579065799713135,0.0,29.687036099952607
2025-09-02T22:38:06.505041,63c5b9cc,insect_015.mp4,1280,720,29.933774834437084,921600,0.25,2,0.0025,2304.0,226,0,0,6.085686922073364,0.0,37.1363172134729
2025-09-02T22:38:13.051428,63c5b9cc,insxeox.mp4,1280,720,29.934087863800634,921600,0.25,2,0.0025,2304.0,227,0,0,6.525388717651367,0.0,34.787199632407855
2025-09-02T22:38:18.702614,63c5b9cc,margay_008.mp4,1440,1080,15.0,1555200,0.25,2,0.0025,3888.0,155,30,30,5.6206748485565186,5.337437373326175,27.576759762185237
2025-09-02T22:38:21.628295,63c5b9cc,margay_012.mp4,1440,1080,15.0,1555200,0.25,2,0.0025,3888.0,80,15,15,2.9136784076690674,5.148131640238206,27.456702081270432
2025-09-02T22:38:28.292330,63c5b9cc,no_animal_004.mp4,1280,720,29.933920704845814,921600,0.25,2,0.0025,2304.0,227,0,0,6.645032644271851,0.0,34.16085550695954
2025-09-02T22:38:34.892814,63c5b9cc,no_animal_018.mp4,1280,720,29.933920704845814,921600,0.25,2,0.0025,2304.0,227,0,0,6.579474687576294,0.0,34.50123463939047
2025-09-02T22:38:41.315232,63c5b9cc,skunk_004.mp4,1280,720,29.934087863800634,921600,0.25,2,0.0025,2304.0,227,12,12,6.402903079986572,1.874149873907691,35.45266844808715
2025-09-02T22:38:49.223263,63c5b9cc,wild_boar_001.mp4,1920,1080,30.0,2073600,0.25,2,0.0025,5184.0,225,217,219,7.86852240562439,27.832417410854628,28.59494939471366
2025-09-02T22:38:55.588913,63c5b9cc,wild_boar_005.mp4,1280,720,29.934087863800634,921600,0.25,2,0.0025,2304.0,227,33,33,6.346649646759033,5.1995937757257025,35.766902639082865
2025-09-02T22:39:04.031807,0faa153e,armadillo_001.mp4,1920,1080,30.0,2073600,0.25,2,0.005,10368.0,225,225,225,8.401378154754639,26.781320380474064,26.781320380474064
2025-09-02T22:39:10.048580,0faa153e,armadillo_002.mp4,1280,720,30.00002202644789,921600,0.25,2,0.005,4608.0,227,41,41,5.996772289276123,6.837011315790541,37.853696797181776
2025-09-02T22:39:16.123251,0faa153e,armadillo_003.mp4,1280,720,30.00002202644789,921600,0.25,2,0.005,4608.0,227,0,0,6.057553768157959,0.0,37.473872901177465
2025-09-02T22:39:21.790051,0faa153e,bird_001.mp4,1280,720,29.86784140969163,921600,0.25,2,0.005,4608.0,226,44,44,5.651301145553589,7.7858176138107495,39.990790470937036
2025-09-02T22:39:29.148982,0faa153e,bird_003.mp4,1920,1080,30.0,2073600,0.25,2,0.005,10368.0,225,163,163,7.327337026596069,22.245462356700415,30.706926565997502
2025-09-02T22:39:36.332211,0faa153e,bird_019.mp4,1920,1080,30.0,2073600,0.25,2,0.005,10368.0,225,16,16,7.124043226242065,2.2459156257029065,31.58318848644712
2025-09-02T22:39:42.275523,0faa153e,capybara_001.mp4,1280,720,29.933920704845814,921600,0.25,2,0.005,4608.0,227,227,227,5.926675796508789,38.30140331511271,38.30140331511271
2025-09-02T22:39:48.071673,0faa153e,catescondido.mp4,1280,720,29.933920704845814,921600,0.25,2,0.005,4608.0,227,0,0,5.776039361953735,0.0,39.30028619528272
2025-09-02T22:39:54.024660,0faa153e,cow_0777.mp4,1280,720,29.933920704845814,921600,0.25,2,0.005,4608.0,227,227,292,5.93516731262207,49.19827607538812,38.246605031209256
2025-09-02T22:39:59.898373,0faa153e,hare_0777.mp4,1280,720,30.0,921600,0.25,2,0.005,4608.0,226,224,226,5.854328632354736,38.60391416207497,38.60391416207497
2025-09-02T22:40:03.773884,0faa153e,humn.mp4,640,480,20.0,307200,0.25,2,0.005,1536.0,150,150,190,3.866973400115967,49.134033348742996,38.790026327955
2025-09-02T22:40:10.942306,0faa153e,insect_013.mp4,1920,1080,30.0,2073600,0.25,2,0.005,10368.0,225,0,0,7.1253204345703125,0.0,31.577527223667726
2025-09-02T22:40:16.598615,0faa153e,insect_015.mp4,1280,720,29.933774834437084,921600,0.25,2,0.005,4608.0,226,0,0,5.638396501541138,0.0,40.08231771891665
2025-09-02T22:40:22.250298,0faa153e,insxeox.mp4,1280,720,29.934087863800634,921600,0.25,2,0.005,4608.0,227,0,0,5.611026048660278,0.0,40.45605884403261
2025-09-02T22:40:27.477333,0faa153e,margay_008.mp4,1440,1080,15.0,1555200,0.25,2,0.005,7776.0,155,30,30,5.193609952926636,5.776329041247079,29.844366713109906
2025-09-02T22:40:30.182004,0faa153e,margay_012.mp4,1440,1080,15.0,1555200,0.25,2,0.005,7776.0,80,15,15,2.6937904357910156,5.56836188914426,29.697930075436055
2025-09-02T22:40:36.140420,0faa153e,no_animal_004.mp4,1280,720,29.933920704845814,921600,0.25,2,0.005,4608.0,227,0,0,5.934593915939331,0.0,38.25030039381731
2025-09-02T22:40:41.898805,0faa153e,no_animal_018.mp4,1280,720,29.933920704845814,921600,0.25,2,0.005,4608.0,227,0,0,5.7417497634887695,0.0,39.534986606952295
2025-09-02T22:40:47.620890,0faa153e,skunk_004.mp4,1280,720,29.934087863800634,921600,0.25,2,0.005,4608.0,227,12,12,5.693636178970337,2.1076162267484633,39.86907362265843
2025-09-02T22:40:55.000935,0faa153e,wild_boar_001.mp4,1920,1080,30.0,2073600,0.25,2,0.005,10368.0,225,217,219,7.324101209640503,29.90127986103423,30.720493007911877
2025-09-02T22:41:00.714822,0faa153e,wild_boar_005.mp4,1280,720,29.934087863800634,921600,0.25,2,0.005,4608.0,227,33,33,5.692371368408203,5.7972324474725925,39.87793229019026
2025-09-02T22:41:08.105991,4c22b836,armadillo_001.mp4,1920,1080,30.0,2073600,0.25,2,0.01,20736.0,225,225,225,7.350882053375244,30.608571647083984,30.608571647083984
2025-09-02T22:41:13.867848,4c22b836,armadillo_002.mp4,1280,720,30.00002202644789,921600,0.25,2,0.01,9216.0,227,37,37,5.730589866638184,6.456577919736181,39.61197804811116
2025-09-02T22:41:19.571544,4c22b836,armadillo_003.mp4,1280,720,30.00002202644789,921600,0.25,2,0.01,9216.0,227,0,0,5.687682151794434,0.0,39.910809700992644
2025-09-02T22:41:25.292569,4c22b836,bird_001.mp4,1280,720,29.86784140969163,921600,0.25,2,0.01,9216.0,226,43,43,5.701935529708862,7.541298875786405,39.63566385878436
2025-09-02T22:41:32.648542,4c22b836,bird_003.mp4,1920,1080,30.0,2073600,0.25,2,0.01,20736.0,225,134,134,7.324267148971558,18.295345769687785,30.71979700134143
2025-09-02T22:41:39.929053,4c22b836,bird_019.mp4,1920,1080,30.0,2073600,0.25,2,0.01,20736.0,225,15,15,7.23714280128479,2.072641152988869,31.089617294833033
2025-09-02T22:41:45.862230,4c22b836,capybara_001.mp4,1280,720,29.933920704845814,921600,0.25,2,0.01,9216.0,227,227,227,5.911819934844971,38.3976512312283,38.3976512312283
2025-09-02T22:41:51.569829,4c22b836,catescondido.mp4,1280,720,29.933920704845814,921600,0.25,2,0.01,9216.0,227,0,0,5.675334692001343,0.0,39.99764107655667
2025-09-02T22:41:57.541161,4c22b836,cow_0777.mp4,1280,720,29.933920704845814,921600,0.25,2,0.01,9216.0,227,227,292,5.953273773193359,49.04864300291872,38.13028069062517
2025-09-02T22:42:03.492779,4c22b836,hare_0777.mp4,1280,720,30.0,921600,0.25,2,0.01,9216.0,226,224,224,5.94533634185791,37.67659003964783,38.01298816500183
2025-09-02T22:42:07.400111,4c22b836,humn.mp4,640,480,20.0,307200,0.25,2,0.01,3072.0,150,150,190,3.9018776416778564,48.69450491489467,38.44303019596948
2025-09-02T22:42:14.900968,4c22b836,insect_013.mp4,1920,1080,30.0,2073600,0.25,2,0.01,20736.0,225,0,0,7.451606512069702,0.0,30.194831092537882
2025-09-02T22:42:20.889166,4c22b836,insect_015.mp4,1280,720,29.933774834437084,921600,0.25,2,0.01,9216.0,226,0,0,5.961425065994263,0.0,37.91039852017449
2025-09-02T22:42:26.996865,4c22b836,insxeox.mp4,1280,720,29.934087863800634,921600,0.25,2,0.01,9216.0,227,0,0,6.087125062942505,0.0,37.29182457280886
2025-09-02T22:42:32.195387,4c22b836,margay_008.mp4,1440,1080,15.0,1555200,0.25,2,0.01,15552.0,155,30,30,5.1884446144104,5.782079646119363,29.874078171616706
2025-09-02T22:42:34.901194,4c22b836,margay_012.mp4,1440,1080,15.0,1555200,0.25,2,0.01,15552.0,80,15,15,2.6889469623565674,5.578391916980818,29.751423557231032
2025-09-02T22:42:40.687369,4c22b836,no_animal_004.mp4,1280,720,29.933920704845814,921600,0.25,2,0.01,9216.0,227,0,0,5.773726224899292,0.0,39.31603113099798
2025-09-02T22:42:46.409276,4c22b836,no_animal_018.mp4,1280,720,29.933920704845814,921600,0.25,2,0.01,9216.0,227,0,0,5.700081825256348,0.0,39.82398971786536
2025-09-02T22:42:52.126453,4c22b836,skunk_004.mp4,1280,720,29.934087863800634,921600,0.25,2,0.01,9216.0,227,11,11,5.701184272766113,1.9294236905384212,39.8162888865656
2025-09-02T22:42:59.617768,4c22b836,wild_boar_001.mp4,1920,1080,30.0,2073600,0.25,2,0.01,20736.0,225,217,219,7.451290607452393,29.390881598547185,30.196111231384094
2025-09-02T22:43:05.358147,4c22b836,wild_boar_005.mp4,1280,720,29.934087863800634,921600,0.25,2,0.01,9216.0,227,33,33,5.721045970916748,5.7681759887540345,39.67805907415654
2025-09-02T22:43:09.963813,e5324326,armadillo_001.mp4,1920,1080,30.0,2073600,0.25,5,0.0025,5184.0,90,90,90,4.588797330856323,19.61298211947943,19.61298211947943
2025-09-02T22:43:13.012849,e5324326,armadillo_002.mp4,1280,720,30.00002202644789,921600,0.25,5,0.0025,2304.0,91,16,16,3.0490357875823975,5.247560578056224,29.845500787694775
2025-09-02T22:43:16.023986,e5324326,armadillo_003.mp4,1280,720,30.00002202644789,921600,0.25,5,0.0025,2304.0,91,0,0,3.0031349658966064,0.0,30.30166843428275
2025-09-02T22:43:19.015845,e5324326,bird_001.mp4,1280,720,29.86784140969163,921600,0.25,5,0.0025,2304.0,91,17,17,2.9918596744537354,5.682084673006571,30.415865014329295
2025-09-02T22:43:23.590559,e5324326,bird_003.mp4,1920,1080,30.0,2073600,0.25,5,0.0025,5184.0,90,63,63,4.559012413024902,13.818782291535708,19.741117559336725
2025-09-02T22:43:28.166021,e5324326,bird_019.mp4,1920,1080,30.0,2073600,0.25,5,0.0025,5184.0,90,9,9,4.559457302093506,1.9739191319694098,19.739191319694097
2025-09-02T22:43:31.354927,e5324326,capybara_001.mp4,1280,720,29.933920704845814,921600,0.25,5,0.0025,2304.0,91,91,91,3.180833578109741,28.60885292027071,28.60885292027071
2025-09-02T22:43:34.378300,e5324326,catescondido.mp4,1280,720,29.933920704845814,921600,0.25,5,0.0025,2304.0,91,0,0,3.0153748989105225,0.0,30.178668673297963
2025-09-02T22:43:37.510066,e5324326,cow_0777.mp4,1280,720,29.933920704845814,921600,0.25,5,0.0025,2304.0,91,91,115,3.115659236907959,36.91032659724632,29.207301916081867
2025-09-02T22:43:40.638325,e5324326,hare_0777.mp4,1280,720,30.0,921600,0.25,5,0.0025,2304.0,91,91,91,3.1228997707366943,29.139583938210425,29.139583938210425
2025-09-02T22:43:42.342206,e5324326,humn.mp4,640,480,20.0,307200,0.25,5,0.0025,768.0,60,60,75,1.6998813152313232,44.12072732842166,35.29658186273733
2025-09-02T22:43:46.864557,e5324326,insect_013.mp4,1920,1080,30.0,2073600,0.25,5,0.0025,5184.0,90,0,0,4.496596336364746,0.0,20.015138844497685
2025-09-02T22:43:49.901378,e5324326,insect_015.mp4,1280,720,29.933774834437084,921600,0.25,5,0.0025,2304.0,91,0,0,3.0270678997039795,0.0,30.062094084146246
2025-09-02T22:43:52.914546,e5324326,insxeox.mp4,1280,720,29.934087863800634,921600,0.25,5,0.0025,2304.0,91,0,0,3.004683494567871,0.0,30.286051813616222
2025-09-02T22:43:55.898016,e5324326,margay_008.mp4,1440,1080,15.0,1555200,0.25,5,0.0025,3888.0,62,12,12,2.967841625213623,4.0433424405307505,20.890602609408877
2025-09-02T22:43:57.446309,e5324326,margay_012.mp4,1440,1080,15.0,1555200,0.25,5,0.0025,3888.0,32,6,6,1.5325887203216553,3.9149446426440733,20.87970476076839
2025-09-02T22:44:00.469903,e5324326,no_animal_004.mp4,1280,720,29.933920704845814,921600,0.25,5,0.0025,2304.0,91,0,0,3.0155928134918213,0.0,30.17648788419452
2025-09-02T22:44:03.535865,e5324326,no_animal_018.mp4,1280,720,29.933920704845814,921600,0.25,5,0.0025,2304.0,91,0,0,3.058328866958618,0.0,29.754811846149085
2025-09-02T22:44:06.570370,e5324326,skunk_004.mp4,1280,720,29.934087863800634,921600,0.25,5,0.0025,2304.0,91,5,5,3.0215017795562744,1.6548062403373067,30.11747357413898
2025-09-02T22:44:11.289315,e5324326,wild_boar_001.mp4,1920,1080,30.0,2073600,0.25,5,0.0025,5184.0,90,86,87,4.703071355819702,18.498549866215395,19.13643089608489
2025-09-02T22:44:14.429410,e5324326,wild_boar_005.mp4,1280,720,29.934087863800634,921600,0.25,5,0.0025,2304.0,91,13,13,3.1400949954986572,4.140002139628122,28.980014977396856
2025-09-02T22:44:19.267294,95deaca9,armadillo_001.mp4,1920,1080,30.0,2073600,0.25,5,0.005,10368.0,90,90,90,4.81302809715271,18.69924674930574,18.69924674930574
2025-09-02T22:44:22.445285,95deaca9,armadillo_002.mp4,1280,720,30.00002202644789,921600,0.25,5,0.005,4608.0,91,16,16,3.162311553955078,5.059590026791929,28.776418277379097
2025-09-02T22:44:25.650114,95deaca9,armadillo_003.mp4,1280,720,30.00002202644789,921600,0.25,5,0.005,4608.0,91,0,0,3.1891326904296875,0.0,28.534403812385467
2025-09-02T22:44:28.883936,95deaca9,bird_001.mp4,1280,720,29.86784140969163,921600,0.25,5,0.005,4608.0,91,17,17,3.2338216304779053,5.2569380573682665,28.1400801894419
2025-09-02T22:44:33.617751,95deaca9,bird_003.mp4,1920,1080,30.0,2073600,0.25,5,0.005,10368.0,90,63,63,4.7181501388549805,13.35269081015067,19.075272585929525
2025-09-02T22:44:38.289555,95deaca9,bird_019.mp4,1920,1080,30.0,2073600,0.25,5,0.005,10368.0,90,7,7,4.667069673538208,1.4998704732627544,19.2840489419497
2025-09-02T22:44:41.480303,95deaca9,capybara_001.mp4,1280,720,29.933920704845814,921600,0.25,5,0.005,4608.0,91,91,91,3.181746006011963,28.600648772106247,28.600648772106247
2025-09-02T22:44:44.522044,95deaca9,catescondido.mp4,1280,720,29.933920704845814,921600,0.25,5,0.005,4608.0,91,0,0,3.032650947570801,0.0,30.00675038876214
2025-09-02T22:44:47.697650,95deaca9,cow_0777.mp4,1280,720,29.933920704845814,921600,0.25,5,0.005,4608.0,91,91,115,3.1672654151916504,36.30892423742182,28.731409613959876
2025-09-02T22:44:50.854956,95deaca9,hare_0777.mp4,1280,720,30.0,921600,0.25,5,0.005,4608.0,91,91,91,3.1356658935546875,29.02094900705113,29.02094900705113
2025-09-02T22:44:52.546044,95deaca9,humn.mp4,640,480,20.0,307200,0.25,5,0.005,1536.0,60,60,75,1.6854748725891113,44.497845218416174,35.59827617473294
2025-09-02T22:44:57.042512,95deaca9,insect_013.mp4,1920,1080,30.0,2073600,0.25,5,0.005,10368.0,90,0,0,4.489027261734009,0.0,20.048886930848145
2025-09-02T22:45:00.087155,95deaca9,insect_015.mp4,1280,720,29.933774834437084,921600,0.25,5,0.005,4608.0,91,0,0,3.034778356552124,0.0,29.9857153665044
2025-09-02T22:45:03.143700,95deaca9,insxeox.mp4,1280,720,29.934087863800634,921600,0.25,5,0.005,4608.0,91,0,0,3.0475406646728516,0.0,29.860142985087517
2025-09-02T22:45:06.103936,95deaca9,margay_008.mp4,1440,1080,15.0,1555200,0.25,5,0.005,7776.0,62,12,12,2.942401885986328,4.0783008117116735,21.071220860510312
2025-09-02T22:45:07.651183,95deaca9,margay_012.mp4,1440,1080,15.0,1555200,0.25,5,0.005,7776.0,32,6,6,1.5349721908569336,3.9088656040409187,20.847283221551567
2025-09-02T22:45:10.679952,95deaca9,no_animal_004.mp4,1280,720,29.933920704845814,921600,0.25,5,0.005,4608.0,91,0,0,3.0128698348999023,0.0,30.203760861452327
2025-09-02T22:45:13.710766,95deaca9,no_animal_018.mp4,1280,720,29.933920704845814,921600,0.25,5,0.005,4608.0,91,0,0,3.0198781490325928,0.0,30.133666164362136
2025-09-02T22:45:16.749257,95deaca9,skunk_004.mp4,1280,720,29.934087863800634,921600,0.25,5,0.005,4608.0,91,5,5,3.0155444145202637,1.6580753962449726,30.1769722116585
2025-09-02T22:45:21.345756,95deaca9,wild_boar_001.mp4,1920,1080,30.0,2073600,0.25,5,0.005,10368.0,90,86,87,4.579422473907471,18.998028789810643,19.653133230838595
2025-09-02T22:45:24.382882,95deaca9,wild_boar_005.mp4,1280,720,29.934087863800634,921600,0.25,5,0.005,4608.0,91,13,13,3.028125286102295,4.293085249696911,30.051596747878374
2025-09-02T22:45:28.929382,80f98b82,armadillo_001.mp4,1920,1080,30.0,2073600,0.25,5,0.01,20736.0,90,90,90,4.524369239807129,19.892275636600484,19.892275636600484
2025-09-02T22:45:31.986624,80f98b82,armadillo_002.mp4,1280,720,30.00002202644789,921600,0.25,5,0.01,9216.0,91,15,15,3.048060417175293,4.921162295693876,29.85505126054285
2025-09-02T22:45:35.039611,80f98b82,armadillo_003.mp4,1280,720,30.00002202644789,921600,0.25,5,0.01,9216.0,91,0,0,3.0465784072875977,0.0,29.869574268078104
2025-09-02T22:45:38.070339,80f98b82,bird_001.mp4,1280,720,29.86784140969163,921600,0.25,5,0.01,9216.0,91,16,16,3.0148091316223145,5.307135311544634,30.18433208441011
2025-09-02T22:45:42.607828,80f98b82,bird_003.mp4,1920,1080,30.0,2073600,0.25,5,0.01,20736.0,90,53,53,4.521444082260132,11.721918713524579,19.905144985230415
2025-09-02T22:45:47.087734,80f98b82,bird_019.mp4,1920,1080,30.0,2073600,0.25,5,0.01,20736.0,90,7,7,4.44692587852478,1.5741211324894344,20.238700274864158
2025-09-02T22:45:50.171536,80f98b82,capybara_001.mp4,1280,720,29.933920704845814,921600,0.25,5,0.01,9216.0,91,91,91,3.0828025341033936,29.518595172190153,29.518595172190153
2025-09-02T22:45:53.179575,80f98b82,catescondido.mp4,1280,720,29.933920704845814,921600,0.25,5,0.01,9216.0,91,0,0,3.0080385208129883,0.0,30.252272160200015
2025-09-02T22:45:56.276753,80f98b82,cow_0777.mp4,1280,720,29.933920704845814,921600,0.25,5,0.01,9216.0,91,91,115,3.0849015712738037,37.27833687494759,29.498510048871573
2025-09-02T22:45:59.365479,80f98b82,hare_0777.mp4,1280,720,30.0,921600,0.25,5,0.01,9216.0,91,91,91,3.0800623893737793,29.5448560762763,29.5448560762763
2025-09-02T22:46:01.051002,80f98b82,humn.mp4,640,480,20.0,307200,0.25,5,0.01,3072.0,60,60,75,1.6834867000579834,44.55039650590457,35.64031720472366
2025-09-02T22:46:05.545380,80f98b82,insect_013.mp4,1920,1080,30.0,2073600,0.25,5,0.01,20736.0,90,0,0,4.477183103561401,0.0,20.101925232499198
2025-09-02T22:46:08.570252,80f98b82,insect_015.mp4,1280,720,29.933774834437084,921600,0.25,5,0.01,9216.0,91,0,0,3.0218710899353027,0.0,30.113792842813915
2025-09-02T22:46:11.586667,80f98b82,insxeox.mp4,1280,720,29.934087863800634,921600,0.25,5,0.01,9216.0,91,0,0,3.0007827281951904,0.0,30.325421145946013
2025-09-02T22:46:14.560202,80f98b82,margay_008.mp4,1440,1080,15.0,1555200,0.25,5,0.01,15552.0,62,12,12,2.9655303955078125,4.046493678897241,20.90688400763575
2025-09-02T22:46:16.101675,80f98b82,margay_012.mp4,1440,1080,15.0,1555200,0.25,5,0.01,15552.0,32,6,6,1.536475419998169,3.905041318530921,20.82688703216491
2025-09-02T22:46:19.149741,80f98b82,no_animal_004.mp4,1280,720,29.933920704845814,921600,0.25,5,0.01,9216.0,91,0,0,3.0313682556152344,0.0,30.01944743316282
2025-09-02T22:46:22.181062,80f98b82,no_animal_018.mp4,1280,720,29.933920704845814,921600,0.25,5,0.01,9216.0,91,0,0,3.0313210487365723,0.0,30.01991492716616
2025-09-02T22:46:25.241968,80f98b82,skunk_004.mp4,1280,720,29.934087863800634,921600,0.25,5,0.01,9216.0,91,5,5,3.0559041500091553,1.636176972365125,29.778420897045272
2025-09-02T22:46:29.894955,80f98b82,wild_boar_001.mp4,1920,1080,30.0,2073600,0.25,5,0.01,20736.0,90,86,87,4.63495945930481,18.77039071514317,19.417645567389485
2025-09-02T22:46:32.996815,80f98b82,wild_boar_005.mp4,1280,720,29.934087863800634,921600,0.25,5,0.01,9216.0,91,13,13,3.09338116645813,4.202521222072605,29.417648554508233
